user_id,model_2
1,"[995242, 1082185]"
3,"[981760, 6533889, 1053690, 929668, 844165]"
6,"[981760, 6533889, 1005186, 911878, 962568]"
7,[1082185]
8,[1082185]
9,"[981760, 1005186, 844165, 826249, 862349]"
13,"[6534178, 995242, 1082185, 1029743, 860975]"
14,"[981760, 6533889, 1005186, 844165, 6533765]"
15,"[981760, 1005186, 844165, 911878, 826249]"
16,"[1015296, 981760, 965766, 907014, 969866]"
17,"[6534178, 995242, 1082185, 1044078, 995785]"
18,"[826249, 995242, 1082185, 840361]"
19,"[981760, 844165, 995242, 962229, 1082185]"
20,"[6534178, 1082185, 883404, 840361, 1058997]"
22,"[6534178, 1082185]"
23,"[981760, 6533889, 1005186, 844165, 826249]"
24,"[981760, 844165, 826249, 1038217, 1037840]"
25,"[826249, 995242, 1082185, 883404, 1029743]"
26,"[981760, 1005186, 844165, 907014, 1043590]"
27,[1082185]
28,"[981760, 6533889, 1005186, 844165, 826249]"
29,"[981760, 844165, 826249, 882441, 1038217]"
30,"[981760, 6533889, 1005186, 844165, 6533765]"
31,[6534178]
32,"[981760, 6533889, 1005186, 911878, 962568]"
33,"[981760, 6533889, 1005186, 844165, 6533765]"
34,"[981760, 6533889, 1005186, 844165, 6533765]"
35,"[981760, 6533889, 1005186, 844165, 826249]"
36,"[981760, 6533889, 1053690, 929668, 822407]"
37,"[981760, 6533889, 833025, 844165, 826249]"
39,[1082185]
40,"[6534178, 995242, 1082185, 908531, 840361]"
41,"[981760, 916993, 997506, 8011397, 826249]"
42,"[981760, 1082185, 961554]"
43,"[981760, 6533889, 1005186, 844165, 6533765]"
46,"[981760, 995242, 1082185, 1029743, 6544236]"
47,"[981760, 1005186, 844165, 911878, 826249]"
48,"[981760, 6533889, 1005186, 844165, 826249]"
49,"[1082185, 862349, 5569471]"
52,"[1082185, 1106523]"
53,"[981760, 6533889, 1005186, 826249, 862349]"
55,"[981760, 1005186, 844165, 911878, 826249]"
56,"[981760, 1082185, 908531, 1058997]"
57,"[981760, 6533889, 1005186, 6533765, 907014]"
58,[862349]
59,"[981760, 6533889, 1005186, 911878, 826249]"
60,"[981760, 6533889, 1005186, 844165, 6533765]"
63,"[981760, 1005186, 844165, 911878, 826249]"
64,"[981760, 1005186, 953476, 844165, 907014]"
65,"[981760, 1005186, 844165, 826249, 862349]"
67,"[6534178, 995242, 859075, 1082185, 1098066]"
68,"[981760, 6533889, 1005186, 953476, 844165]"
69,"[981760, 907014, 1043590, 965766, 900491]"
70,"[981760, 1005186, 953476, 844165, 826249]"
71,"[981760, 6533889, 1005186, 844165, 965766]"
72,"[981760, 6533889, 1005186, 911878, 962568]"
73,"[981760, 6533889, 1005186, 826249, 862349]"
74,"[981760, 1082185, 1133018]"
75,"[6395907, 861445, 907014, 545926, 900491]"
76,"[981760, 1005186, 844165, 911878, 826249]"
77,"[981760, 1082185, 1106523, 1013321]"
78,"[1082185, 849843]"
79,"[981760, 6533889, 1005186, 826249, 862349]"
80,"[6534178, 995242, 1082185]"
81,"[981760, 844165, 907014, 1043590, 965766]"
82,"[981760, 1005186, 844165, 911878, 826249]"
83,"[981760, 6533889, 1005186, 911878, 826249]"
84,"[981760, 6533889, 1005186, 844165, 826249]"
85,[6534178]
86,[1082185]
87,"[981760, 1005186, 844165, 911878, 826249]"
88,"[833025, 1136257, 929668, 953476, 965766]"
89,"[981760, 1005186, 844165, 911878, 826249]"
90,"[981760, 6533889, 911878, 826249, 949257]"
91,"[981760, 6533889, 1005186, 826249, 1056651]"
92,"[981760, 6533889, 8011397, 911878, 962568]"
94,"[981760, 6533889, 1005186, 844165, 6533765]"
95,"[981760, 6533889, 833025, 911878, 962568]"
97,"[995242, 1082185]"
98,"[981760, 1005186, 953476, 844165, 907014]"
99,"[981760, 1136257, 6533889, 1034499, 5584007]"
101,"[6534178, 5569230, 1133018, 1106523, 909894]"
103,"[981760, 1005186, 844165, 826249, 862349]"
104,"[995242, 1082185, 1029743, 840361, 961554]"
105,"[1082185, 1133018]"
106,"[981760, 6533889, 1005186, 844165, 826249]"
108,"[981760, 6533889, 1005186, 911878, 962568]"
109,"[1082185, 1058997]"
110,"[951590, 1082185, 1133018, 995785]"
111,"[981760, 6533889, 1005186, 911878, 826249]"
112,"[981760, 6533889, 1005186, 844165, 826249]"
113,"[1082185, 840361, 866227, 893739]"
114,[1029743]
115,"[981760, 6533889, 1053690, 1136257, 929668]"
116,"[981760, 1005186, 844165, 911878, 826249]"
117,[1082185]
118,"[1082185, 849843, 1096036, 1058997]"
119,"[981760, 1005186, 844165, 911878, 826249]"
120,"[981760, 6533889, 1005186, 6533765, 844165]"
121,"[981760, 844165, 907014, 965766, 1043590]"
122,"[981760, 1005186, 953476, 844165, 826249]"
123,"[6534178, 1029743, 1058997]"
124,"[981760, 1005186, 844165, 826249, 862349]"
125,"[833025, 929668, 861445, 826249, 862732]"
127,"[995242, 1082185, 1106523, 1029743]"
128,"[981760, 6533889, 1005186, 907014, 911878]"
131,"[1082185, 1029743]"
132,"[981760, 6533889, 1005186, 911878, 962568]"
133,"[995242, 5569230]"
135,"[981760, 1005186, 844165, 911878, 826249]"
136,"[981760, 833025, 844165, 965766, 826249]"
138,"[981760, 1005186, 962568, 826249, 862349]"
139,[1082185]
142,"[981760, 1005186, 953476, 844165, 822407]"
143,"[981760, 1005186, 953476, 844165, 965766]"
144,"[981760, 1005186, 844165, 907014, 1043590]"
145,"[981760, 1005186, 844165, 911878, 826249]"
147,"[981760, 6533889, 1005186, 844165, 826249]"
148,"[981760, 1005186, 844165, 826249, 862349]"
149,"[981760, 6534178, 1082185, 995785, 862349]"
151,"[981760, 6533889, 1005186, 911878, 962568]"
152,"[981760, 1005186, 911878, 962568, 826249]"
153,"[981760, 6533889, 8011397, 5584007, 862349]"
154,"[981760, 6533889, 1005186, 844165, 826249]"
155,"[981760, 6533889, 1005186, 929668, 965766]"
156,"[981760, 6533889, 1005186, 953476, 822407]"
157,"[981760, 907014, 1038985, 842126, 9802643]"
158,"[1082185, 862349]"
159,"[981760, 6533889, 1005186, 844165, 6533765]"
160,"[981760, 6533889, 1005186, 844165, 826249]"
161,"[6534178, 995242]"
162,"[981760, 1005186, 844165, 826249, 862349]"
163,"[981760, 6533889, 1005186, 844165, 6533765]"
164,[1029743]
165,"[6534178, 1082185, 862349]"
166,"[1133018, 1106523, 1029743]"
167,"[981760, 1005186, 844165, 911878, 826249]"
171,"[981760, 1005186, 844165, 826249, 862349]"
172,"[981760, 6533889, 1005186, 844165, 6533765]"
175,"[981760, 1005186, 8011397, 911878, 826249]"
177,"[981760, 6533889, 1005186, 844165, 826249]"
178,"[981760, 1005186, 953476, 844165, 826249]"
180,"[981760, 6533889, 1005186, 844165, 826249]"
182,"[981760, 1005186, 844165, 826249, 879755]"
183,"[981760, 1005186, 911878, 826249, 961554]"
184,[6534178]
185,"[981760, 6533889, 1005186, 844165, 965766]"
188,"[981760, 1005186, 844165, 907014, 965766]"
189,"[981760, 6533889, 1005186, 844165, 826249]"
191,"[981760, 6533889, 1005186, 844165, 826249]"
192,"[981760, 1029743]"
193,"[8090537, 1029743]"
194,"[981760, 6533889, 1005186, 911878, 826249]"
195,"[981760, 6533889, 1005186, 929668, 962568]"
196,"[981760, 6533889, 833025, 1053690, 929668]"
197,"[981760, 1005186, 929668, 844165, 826249]"
198,"[981760, 995242, 1082185, 883404, 1133018]"
199,"[981760, 1005186, 844165, 826249, 862349]"
200,"[981760, 1005186, 844165, 826249, 862349]"
201,[1082185]
203,"[981760, 6533889, 1005186, 844165, 826249]"
204,"[981760, 6533889, 1005186, 826249, 862349]"
205,"[981760, 6533889, 1005186, 911878, 826249]"
206,"[981760, 1005186, 844165, 826249, 862349]"
207,"[981760, 6533889, 1005186, 911878, 826249]"
208,"[981760, 6534178, 1082185]"
209,"[6534178, 995242, 1082185, 1029743, 908531]"
210,"[981760, 907014, 1043590, 911878, 826249]"
211,"[1082185, 1133018]"
212,[1082185]
214,[1082185]
215,"[981760, 6533889, 1005186, 911878, 962568]"
216,[866227]
217,"[981760, 6533889, 1005186, 911878, 826249]"
218,"[6534178, 995242, 860776, 6544236]"
219,"[981760, 951590, 1082185]"
220,"[981760, 6533889, 5584007, 962568, 826249]"
221,"[883404, 1133018, 849843]"
222,"[6534178, 1082185, 995785, 860776, 866211]"
223,"[981760, 6533889, 844165, 6533765, 826249]"
224,"[981760, 833025, 844165, 826249, 1038217]"
225,"[981760, 1005186, 844165, 826249, 862349]"
226,"[981760, 6533889, 1005186, 844165, 826249]"
227,"[8011397, 5584007, 970119, 1056651, 862349]"
228,"[981760, 6533889, 1005186, 911878, 826249]"
230,"[6534178, 995242, 883404, 1029743]"
232,[844165]
233,"[981760, 1005186, 844165, 911878, 826249]"
235,"[1082185, 1127831, 916122, 995785, 862349]"
236,"[981760, 1005186, 826249, 862349, 5590287]"
237,"[981760, 1005186, 844165, 911878, 826249]"
238,"[981760, 1005186, 844165, 911878, 826249]"
239,"[981760, 1082185, 1133018, 995785, 860776]"
240,"[981760, 1005186, 844165, 911878, 826249]"
242,"[1082185, 1029743, 995785]"
243,"[6534178, 995785, 860776, 961554, 866211]"
244,"[981760, 1005186, 844165, 826249, 879755]"
245,"[981760, 6533889, 1005186, 844165, 826249]"
246,"[981760, 6533889, 1005186, 844165, 826249]"
247,"[981760, 1005186, 844165, 907014, 911878]"
248,"[981760, 6533889, 1005186, 911878, 962568]"
249,"[1053690, 995242, 883404, 1029743]"
250,"[951590, 995242, 1029743, 908531]"
251,"[981760, 6533889, 844165, 965766, 822407]"
253,"[844165, 951590, 859075, 1082185, 1098066]"
254,"[981760, 1005186, 844165, 826249, 862349]"
255,"[981760, 1005186, 844165, 911878, 826249]"
256,"[6534178, 862349]"
257,"[859075, 883404, 1106523]"
258,"[981760, 6533889, 1005186, 826249, 882441]"
259,"[981760, 1005186, 844165, 911878, 826249]"
261,"[981760, 6533889, 1005186, 844165, 826249]"
262,"[981760, 1136257, 833025, 826249, 1038217]"
263,"[995242, 1082185, 1029743, 1005186, 1004906]"
267,"[981760, 6533889, 1005186, 844165, 6533765]"
269,"[981760, 1005186, 844165, 911878, 965766]"
271,"[981760, 1005186, 844165, 911878, 826249]"
273,"[981760, 1005186, 844165, 826249, 1038217]"
275,"[981760, 6533889, 1005186, 907014, 826249]"
276,"[8090521, 6534178, 995242]"
277,"[981760, 1005186, 844165, 826249, 862349]"
278,"[981760, 833025, 1005186, 844165, 911878]"
279,"[981760, 6533889, 1005186, 844165, 826249]"
280,"[981760, 6533889, 1005186, 844165, 826249]"
281,"[1082185, 995785, 854852]"
282,[995785]
283,[1082185]
285,"[981760, 6533889, 1005186, 6533765, 907014]"
286,"[981760, 1005186, 844165, 911878, 826249]"
287,"[981760, 6533889, 1005186, 6533765, 826249]"
288,"[981760, 6533889, 1005186, 911878, 962568]"
289,[961554]
290,[995242]
291,"[981760, 844165, 907014, 1043590, 826249]"
292,"[981760, 6533889, 1005186, 844165, 6533765]"
293,"[981760, 1005186, 907014, 911878, 962568]"
294,"[981760, 1082185, 1133018, 1106523, 908531]"
297,"[981760, 929668, 844165, 965766, 822407]"
300,"[981760, 962229, 1106523, 1029743]"
301,"[1082185, 1029743]"
302,"[981760, 6533889, 1005186, 929668, 844165]"
303,"[981760, 6533889, 1005186, 844165, 965766]"
304,"[6534178, 995242, 1082185, 1106523, 1029743]"
305,"[981760, 6533889, 1005186, 929668, 965766]"
306,"[981760, 995242, 883404, 1029743, 840361]"
307,"[981760, 6533889, 1005186, 826249, 1056651]"
308,"[981760, 6533889, 1005186, 844165, 826249]"
311,"[981760, 6533889, 1005186, 911878, 826249]"
314,"[1082185, 1106523]"
316,"[981760, 6533889, 1005186, 844165, 6533765]"
317,"[1082185, 1029743]"
318,"[981760, 6533889, 1005186, 1015296, 6533765]"
319,"[6534178, 961554]"
320,"[981760, 1005186, 844165, 911878, 826249]"
321,"[1082185, 840361, 1058997, 1126899]"
322,"[981760, 6533889, 1005186, 911878, 962568]"
324,[1082185]
325,"[981760, 6533889, 1005186, 929668, 962568]"
326,"[981760, 1005186, 844165, 826249, 862349]"
328,"[862349, 914190, 985999, 909714, 961554]"
329,"[995242, 1082185, 1005186, 901062]"
331,"[981760, 1005186, 844165, 965766, 826249]"
332,"[1082185, 862349, 1070820]"
334,[1082185]
335,"[981760, 1005186, 911878, 826249, 862349]"
338,"[981760, 1005186, 911878, 907014, 826249]"
339,"[981760, 844165, 1043590, 1038217, 826249]"
341,"[981760, 844165, 826249, 842126, 961554]"
342,"[981760, 844165, 826249, 900491, 989075]"
343,"[981760, 1005186, 844165, 911878, 826249]"
345,"[981760, 1136257, 1005186, 911878, 962568]"
346,"[981760, 826249, 995242, 1082185, 1029743]"
347,"[981760, 1005186, 844165, 911878, 826249]"
348,"[981760, 1005186, 844165, 907014, 1043590]"
349,"[981760, 1005186, 844165, 911878, 826249]"
350,[860776]
351,"[844165, 951590, 1082185, 1133018, 1106523]"
353,"[981760, 1005186, 911878, 962568, 826249]"
354,"[859075, 1082185, 916122]"
356,"[981760, 6533889, 1005186, 844165, 826249]"
357,"[981760, 1005186, 911878, 826249, 862349]"
358,"[981760, 1106523, 1004906]"
360,"[981760, 1005186, 844165, 911878, 826249]"
361,"[981760, 826249, 859075, 1082185, 1133018]"
362,"[981760, 866227, 923746]"
364,"[981760, 6533889, 833025, 1005186, 844165]"
365,"[981760, 6533889, 1005186, 962568, 826249]"
367,"[1082185, 860776, 961554]"
368,"[981760, 6533889, 1005186, 844165, 826249]"
371,"[995242, 1082185, 840361, 860776, 961554]"
374,"[981760, 6533889, 1005186, 911878, 826249]"
375,"[981760, 6533889, 1005186, 844165, 6533765]"
376,"[981760, 953476, 844165, 907014, 1043590]"
377,"[1082185, 1029743, 995785, 1126899]"
378,[1082185]
380,"[981760, 833025, 844165, 965766, 1043590]"
381,"[981760, 833025, 844165, 826249, 1038217]"
382,"[981760, 6533889, 1005186, 844165, 6533765]"
384,"[981760, 6533889, 1005186, 826249, 862349]"
385,"[1082185, 1058997]"
386,"[6534178, 995242, 1082185, 883404, 1133018]"
387,"[916122, 1058997]"
388,"[981760, 844165, 826249, 1038217, 882441]"
389,"[1082185, 1127831, 961554, 1058997, 854852]"
390,"[981760, 6533889, 1005186, 844165, 826249]"
392,"[981760, 1082185, 1133018, 916122]"
393,"[981760, 953476, 844165, 826249, 1038217]"
394,"[981760, 1005186, 911878, 826249, 862349]"
395,"[981760, 1005186, 844165, 826249, 862349]"
396,"[981760, 6533889, 1005186, 911878, 826249]"
397,"[981760, 6533889, 929668, 822407, 826249]"
398,"[981760, 6533889, 844165, 826249, 844179]"
399,"[981760, 6533889, 929668, 826249, 862349]"
400,"[6533889, 826249, 6534166, 1082185, 1098066]"
401,"[981760, 1005186, 907014, 826249, 969866]"
402,"[981760, 6533889, 1005186, 844165, 826249]"
403,"[981760, 1005186, 844165, 911878, 826249]"
404,[6534178]
405,"[981760, 6533889, 1005186, 962568, 826249]"
406,"[981760, 6533889, 1005186, 911878, 826249]"
408,"[981760, 1005186, 844165, 907014, 826249]"
409,[1082185]
410,"[995242, 866227]"
411,"[981760, 951590, 1082185, 1098066, 995785]"
412,"[995242, 1082185, 1133018, 1005186, 866227]"
413,"[6534178, 1082185, 5569230, 1106523, 840361]"
414,"[981760, 6533889, 1005186, 844165, 965766]"
415,"[981760, 1005186, 844165, 911878, 826249]"
417,"[995242, 1082185, 883404, 1029743]"
418,"[6534178, 1082185, 1029743]"
419,"[981760, 6533889, 1005186, 844165, 826249]"
420,"[981760, 1005186, 844165, 907014, 965766]"
421,"[981760, 6533889, 1005186, 1136257, 911878]"
424,"[981760, 1005186, 844165, 911878, 826249]"
425,"[981760, 833025, 1053690, 1038217, 882441]"
426,"[826249, 6534178, 1082185, 1005186, 862349]"
427,"[981760, 1005186, 844165, 911878, 826249]"
430,"[981760, 6533889, 1005186, 844165, 826249]"
431,"[981760, 1005186, 844165, 911878, 826249]"
432,[995242]
433,"[981760, 1005186, 911878, 907014, 826249]"
434,"[981760, 6533889, 1005186, 6533765, 907014]"
435,"[981760, 1005186, 844165, 826249, 862349]"
436,"[981760, 1005186, 911878, 826249, 862349]"
437,"[6534178, 995242, 1082185]"
438,"[981760, 833025, 911878, 826249, 862349]"
439,"[981760, 1005186, 844165, 911878, 826249]"
441,"[1082185, 961554]"
442,"[6534178, 1082185]"
443,[981760]
445,"[981760, 1005186, 844165, 911878, 826249]"
446,"[981760, 1005186, 844165, 911878, 826249]"
447,"[981760, 6533889, 1005186, 844165, 826249]"
448,"[981760, 1005186, 844165, 911878, 826249]"
449,"[981760, 6533889, 1005186, 844165, 826249]"
450,"[981760, 1005186, 844165, 826249, 1038217]"
451,"[981760, 6533889, 1005186, 911878, 826249]"
452,"[981760, 1005186, 844165, 911878, 826249]"
454,"[981760, 844179, 995242, 1082185, 5569230]"
456,"[981760, 6533889, 929668, 965766, 822407]"
457,"[981760, 6533889, 1005186, 844165, 6533765]"
458,"[1133018, 849843]"
459,"[981760, 1005186, 844165, 826249, 862349]"
460,[1082185]
461,"[981760, 6533889, 1005186, 844165, 826249]"
462,[995242]
463,"[981760, 6533889, 1005186, 911878, 826249]"
464,"[981760, 6533889, 1005186, 911878, 962568]"
466,"[981760, 1005186, 844165, 907014, 826249]"
467,"[981760, 1005186, 911878, 826249, 961554]"
468,"[981760, 6533889, 6533765, 844165, 1043590]"
469,[1082185]
470,"[981760, 6533889, 1005186, 844165, 6533765]"
471,"[981760, 1005186, 844165, 911878, 826249]"
472,"[981760, 852864, 929668, 965766, 826249]"
473,"[6534178, 1082185]"
474,"[981760, 1005186, 844165, 826249, 1038217]"
475,"[981760, 1005186, 844165, 826249, 862349]"
476,"[981760, 844165, 965766, 822407, 826249]"
477,"[981760, 6533889, 1005186, 844165, 826249]"
479,"[981760, 844165, 965766, 826249, 844179]"
480,"[981760, 6533889, 1005186, 911878, 962568]"
481,"[981760, 1005186, 844165, 965766, 826249]"
482,"[981760, 6533889, 1005186, 844165, 6533765]"
483,[1106523]
484,"[981760, 6533889, 1005186, 911878, 826249]"
485,"[995242, 1082185, 1044078, 1029743]"
486,"[981760, 6533889, 1005186, 907014, 826249]"
487,"[981760, 1005186, 844165, 911878, 826249]"
488,"[981760, 1005186, 911878, 826249, 862349]"
489,"[981760, 1082185]"
490,[5569471]
491,[6534178]
493,"[6534178, 995242, 1029743]"
495,"[981760, 833025, 844165, 826249, 1038217]"
496,"[981760, 1005186, 844165, 911878, 826249]"
497,"[981760, 1005186, 844165, 911878, 826249]"
498,"[981760, 1005186, 844165, 826249, 862349]"
501,"[981760, 1005186, 844165, 911878, 826249]"
502,"[981760, 844165, 907014, 1043590, 826249]"
503,"[981760, 6533889, 1005186, 962568, 826249]"
505,"[981760, 1005186, 844165, 826249, 862349]"
506,"[981760, 6533889, 1005186, 844165, 826249]"
507,"[981760, 6533889, 1005186, 844165, 826249]"
510,"[1082185, 1127831, 862349, 866211]"
511,"[981760, 6533889, 844165, 1043590, 6533765]"
512,"[981760, 6533889, 1005186, 844165, 826249]"
513,"[981760, 844179, 860776]"
514,"[981760, 916993, 1005186, 8011397, 911878]"
515,"[981760, 1005186, 844165, 826249, 1038217]"
517,"[981760, 6533889, 1005186, 911878, 962568]"
518,[995242]
519,"[981760, 1005186, 911878, 826249, 862349]"
520,"[981760, 6533889, 1005186, 953476, 844165]"
521,"[981760, 1005186, 911878, 826249, 862349]"
523,"[995242, 1082185, 1029743, 1005186]"
524,"[981760, 6533889, 1005186, 911878, 962568]"
525,"[981760, 1005186, 844165, 911878, 826249]"
526,"[981760, 6533889, 1005186, 844165, 965766]"
527,"[981760, 1005186, 929668, 962568, 826249]"
528,"[981760, 1005186, 844165, 911878, 826249]"
530,"[981760, 6533889, 1005186, 826249, 862349]"
532,"[981760, 1005186, 844165, 911878, 826249]"
534,"[981760, 6533889, 1005186, 844165, 6533765]"
536,"[981760, 6533889, 844165, 826249, 844179]"
537,"[981760, 1005186, 844165, 911878, 826249]"
538,"[981760, 6533889, 1005186, 826249, 862349]"
539,"[981760, 6533889, 1005186, 844165, 826249]"
540,[1082185]
541,"[981760, 6533889, 1005186, 833025, 844165]"
542,"[844165, 995242, 1133018, 1106523, 849843]"
543,"[981760, 844165, 826249, 1037840, 907281]"
544,"[981760, 6533889, 1005186, 826249, 862349]"
545,"[981760, 6533889, 1005186, 911878, 962568]"
548,"[995242, 1082185]"
550,"[981760, 1005186, 844165, 911878, 826249]"
551,"[981760, 1005186, 911878, 826249, 862349]"
553,"[981760, 951590, 995242, 1082185, 962568]"
554,"[981760, 1005186, 844165, 911878, 826249]"
557,"[981760, 6533889, 1005186, 844165, 826249]"
558,"[981760, 1005186, 844165, 907014, 1043590]"
560,"[981760, 995242, 1082185, 1029743]"
561,"[981760, 6533889, 1005186, 844165, 826249]"
562,"[981760, 6533889, 929668, 826249, 862349]"
564,"[981760, 6533889, 1005186, 844165, 826249]"
567,[1044078]
568,"[1043590, 907014, 866950, 1012873, 882441]"
569,"[981760, 6533889, 1005186, 826249, 862349]"
570,"[981760, 1005186, 844165, 911878, 826249]"
573,"[981760, 6533889, 1005186, 833025, 844165]"
574,"[951590, 995242, 1082185, 1029743, 908531]"
575,"[6534178, 1082185, 883404, 1133018, 1106523]"
577,"[981760, 1005186, 929668, 844165, 965766]"
578,"[981760, 6533889, 1005186, 911878, 826249]"
579,"[981760, 6533889, 1005186, 844165, 826249]"
580,"[981760, 6533889, 1005186, 844165, 826249]"
581,"[981760, 6533889, 1136257, 833025, 929668]"
582,"[6534178, 5569230]"
583,"[981760, 844165, 826249, 1038217, 879755]"
585,"[981760, 6533889, 1005186, 844165, 826249]"
586,"[995242, 1029743]"
587,"[981760, 6533889, 1005186, 844165, 6533765]"
588,"[826249, 1133018, 1106523, 995785, 961554]"
590,"[981760, 1005186, 844165, 965766, 907014]"
591,"[833025, 929668, 965766, 826249, 914190]"
592,"[981760, 1005186, 844165, 911878, 826249]"
593,"[981760, 6533889, 1005186, 844165, 6533765]"
594,"[981760, 6533889, 844165, 826249, 844179]"
595,"[981760, 1005186, 844165, 911878, 826249]"
596,"[8090521, 8090537, 860776, 834484]"
597,"[981760, 995242, 1082185, 849843]"
598,[981760]
599,"[981760, 1005186, 844165, 911878, 826249]"
600,"[981760, 6533889, 1005186, 844165, 965766]"
601,"[6534178, 1082185, 1126899]"
602,"[981760, 6533889, 1005186, 844165, 826249]"
603,"[981760, 6533889, 6533765, 1043590, 907014]"
604,"[981760, 1005186, 911878, 826249, 862349]"
605,"[981760, 6533889, 1136257, 826249, 862349]"
606,[1029743]
608,"[1082185, 1106523]"
609,"[5569230, 1133018, 1005186]"
610,"[981760, 1005186, 844165, 907014, 826249]"
611,"[981760, 6533889, 1005186, 929668, 907014]"
612,"[981760, 6533889, 1053690, 929668, 844165]"
614,"[995242, 1082185, 1029743, 840361, 860776]"
615,"[981760, 6533889, 1005186, 6533765, 844165]"
617,"[981760, 1005186, 911878, 826249, 862349]"
618,"[981760, 6533889, 833025, 844165, 1043590]"
621,"[981760, 1005186, 844165, 911878, 826249]"
622,"[981760, 6533889, 1005186, 844165, 826249]"
623,"[826249, 995242, 1029743]"
624,"[844179, 8090521, 6534178, 883404, 1133018]"
625,"[981760, 6533889, 1005186, 826249, 862349]"
627,"[981760, 6533889, 1005186, 911878, 826249]"
628,"[981760, 1005186, 844165, 911878, 826249]"
630,"[981760, 1082185, 1133018, 916122, 860776]"
631,"[981760, 6534178, 995242, 1082185]"
632,"[981760, 6533889, 1005186, 911878, 962568]"
633,"[981760, 6533889, 1053690, 844165, 965766]"
635,"[981760, 1005186, 844165, 911878, 826249]"
636,"[1043590, 1119879, 882441, 1038217, 879755]"
637,"[981760, 6533889, 833025, 844165, 965766]"
638,"[981760, 6533889, 1005186, 929668, 965766]"
640,"[981760, 6533889, 833025, 844165, 826249]"
641,"[981760, 1005186, 911878, 907014, 962568]"
643,"[981760, 6533889, 1005186, 907014, 962568]"
644,"[995242, 1082185]"
647,"[6534178, 951590, 8090537, 1029743]"
648,"[981760, 1005186, 911878, 962568, 826249]"
650,"[981760, 1005186, 844165, 911878, 826249]"
652,"[981760, 1005186, 953476, 844165, 965766]"
653,"[981760, 833025, 6533889, 911878, 962568]"
654,"[981760, 1005186, 953476, 844165, 826249]"
655,"[981760, 6533889, 1005186, 826249, 961554]"
656,"[981760, 6533889, 1005186, 1053690, 929668]"
658,"[981760, 1005186, 844165, 907014, 965766]"
659,"[981760, 1005186, 844165, 826249, 862349]"
660,"[1082185, 916122, 1058997, 1126899]"
661,"[981760, 833025, 844165, 965766, 826249]"
662,"[981760, 1005186, 844165, 965766, 826249]"
663,"[981760, 6533889, 844165, 6533765, 826249]"
664,"[981760, 1005186, 844165, 826249, 900491]"
665,"[981760, 1005186, 844165, 907014, 826249]"
666,"[981760, 1005186, 844165, 907014, 826249]"
667,"[981760, 6533889, 1005186, 844165, 826249]"
668,"[981760, 916993, 1005186, 8011397, 911878]"
669,"[981760, 6533889, 1005186, 862349, 961554]"
670,"[6534178, 995242, 1082185, 1029743]"
671,"[8090521, 6534178, 995242, 951526, 1029743]"
672,"[908531, 849843]"
673,"[981760, 1005186, 844165, 907014, 911878]"
674,"[981760, 1005186, 907014, 965766, 826249]"
675,"[981760, 1082185, 1133018, 1096036]"
676,"[833025, 844165, 965766, 822407, 1038217]"
677,"[981760, 1005186, 911878, 962568, 826249]"
679,"[981760, 1005186, 929668, 965766, 826249]"
680,[995242]
681,"[981760, 6533889, 1005186, 929668, 965766]"
684,"[981760, 6533889, 844165, 826249, 879755]"
685,"[981760, 6533889, 8065410, 833025, 965766]"
686,"[981760, 1005186, 844165, 911878, 826249]"
687,"[981760, 1005186, 953476, 844165, 965766]"
690,"[1082185, 883404, 849843]"
692,"[1082185, 840361]"
693,[1029743]
694,"[981760, 1005186, 953476, 844165, 826249]"
695,"[981760, 6534178, 995242, 1082185, 1029743]"
696,"[6534178, 1082185, 908531, 923746]"
697,"[981760, 6533889, 1005186, 911878, 962568]"
698,"[981760, 6533889, 1005186, 844165, 826249]"
699,"[981760, 6534178, 995242, 1082185, 1029743]"
700,"[981760, 6533889, 844165, 965766, 826249]"
701,"[981760, 1005186, 844165, 911878, 962568]"
702,"[981760, 6533889, 1005186, 953476, 861445]"
703,"[981760, 6533889, 1005186, 5668996, 826249]"
705,"[981760, 1005186, 844165, 911878, 826249]"
706,"[981760, 6533889, 833025, 1005186, 929668]"
707,"[6533889, 6534178, 1082185, 1029743, 923746]"
708,"[995242, 1082185, 1029743]"
709,"[981760, 833025, 1043590, 911878, 1038217]"
710,"[981760, 6533889, 844165, 6533765, 826249]"
711,"[981760, 1005186, 844165, 911878, 826249]"
712,"[981760, 1082185, 995785, 860776, 1004906]"
713,"[981760, 6533889, 1005186, 844165, 6533765]"
714,"[1082185, 961554, 1058997, 1126899, 1136257]"
715,"[981760, 1082185, 1051069]"
716,"[981760, 6533889, 1005186, 911878, 826249]"
717,"[981760, 6533889, 1005186, 844165, 6533765]"
718,"[981760, 826249, 844179, 6534166, 6534178]"
719,"[981760, 1005186, 844165, 826249, 862349]"
720,"[981760, 1005186, 911878, 826249, 862349]"
721,"[981760, 6533889, 1005186, 826249, 862349]"
722,"[1082185, 1133018, 854852]"
723,"[981760, 1005186, 844165, 911878, 826249]"
724,"[981760, 6533889, 1005186, 907014, 962568]"
725,"[826249, 1082185, 883404, 1098066, 1133018]"
726,"[981760, 1005186, 911878, 826249, 862349]"
727,"[981760, 907014, 965766, 1043590, 826249]"
728,"[981760, 833025, 844165, 965766, 1038217]"
729,"[981760, 1005186, 844165, 911878, 826249]"
730,"[981760, 1005186, 844165, 911878, 826249]"
731,"[6534178, 995242, 908531]"
732,"[6534178, 1082185, 916122, 5569471]"
733,"[981760, 1014915, 10285187, 844165, 906502]"
734,"[981760, 6533889, 1005186, 911878, 826249]"
735,"[981760, 1005186, 844165, 911878, 826249]"
736,"[981760, 1005186, 844165, 911878, 826249]"
737,"[981760, 1005186, 911878, 962568, 826249]"
740,"[995242, 995785, 1024306, 834484]"
741,"[916122, 840361]"
742,"[883404, 1133018, 1106523]"
743,"[981760, 6533889, 1005186, 6533765, 907014]"
744,"[981760, 6533889, 1005186, 911878, 962568]"
745,"[981760, 1005186, 907014, 962568, 862349]"
747,"[981760, 1005186, 844165, 826249, 879755]"
750,"[981760, 1005186, 844165, 826249, 862349]"
751,"[981760, 1005186, 844165, 826249, 862349]"
752,[6534178]
753,[1082185]
754,"[981760, 1005186, 911878, 962568, 826249]"
755,"[6534178, 1005186]"
756,"[981760, 6533889, 1005186, 844165, 826249]"
757,"[981760, 6533889, 1005186, 844165, 826249]"
758,"[981760, 6533889, 1005186, 907014, 826249]"
759,"[981760, 1005186, 844165, 911878, 826249]"
761,"[6534178, 995242, 859075, 1082185, 1133018]"
762,"[6534178, 1082185, 1005186, 862349]"
764,"[981760, 6534178, 995242, 1082185, 1029743]"
765,"[981760, 6533889, 1005186, 844165, 826249]"
766,"[981760, 1082185, 1127831, 995785, 860776]"
767,"[981760, 1005186, 844165, 911878, 826249]"
768,"[995242, 859075, 1029743, 866227]"
769,"[981760, 6533889, 1005186, 844165, 826249]"
770,"[981760, 6533889, 833025, 844165, 965766]"
771,"[1082185, 840361, 995785, 860776, 961554]"
772,"[981760, 6533889, 911878, 826249, 949257]"
773,"[981760, 1005186, 844165, 911878, 826249]"
774,"[981760, 1005186, 844165, 826249, 844179]"
776,"[981760, 929668, 965766, 907014, 826249]"
777,"[981760, 6533889, 929668, 8011397, 826249]"
779,"[981760, 1005186, 911878, 962568, 826249]"
780,"[981760, 1005186, 911878, 826249, 862349]"
781,"[981760, 1005186, 911878, 907014, 826249]"
782,"[981760, 6533889, 1005186, 844165, 826249]"
784,"[6534178, 1082185]"
785,[1082185]
786,"[981760, 1082185, 5569230, 1106523]"
787,"[1082185, 862349]"
788,[849843]
789,"[981760, 1005186, 844165, 911878, 826249]"
790,"[981760, 6533889, 1005186, 844165, 826249]"
792,"[981760, 1005186, 844165, 911878, 826249]"
793,"[981760, 6533889, 1005186, 844165, 826249]"
794,"[981760, 1005186, 844165, 911878, 962568]"
795,"[981760, 1005186, 844165, 826249, 961554]"
796,"[981760, 6533889, 1005186, 911878, 826249]"
797,[1029743]
798,"[981760, 1005186, 844165, 911878, 826249]"
799,"[981760, 6533889, 1005186, 911878, 962568]"
800,"[981760, 8090537, 995242, 1082185, 5569230]"
801,"[981760, 1005186, 844165, 965766, 911878]"
802,"[1082185, 1005186, 986912]"
803,[1082185]
804,"[844165, 1043590, 1038217, 882441, 879755]"
805,"[981760, 833025, 6533889, 844165, 1043590]"
806,"[1082185, 1029743]"
807,"[981760, 6533889, 1053690, 833025, 929668]"
808,"[1082185, 1029743]"
809,"[981760, 1005186, 8011397, 911878, 962568]"
811,"[981760, 1005186, 844165, 826249, 862349]"
812,"[981760, 1005186, 844165, 826249, 879755]"
813,"[981760, 1005186, 911878, 962568, 826249]"
814,"[981760, 6533889, 1005186, 844165, 826249]"
816,"[995242, 1082185]"
817,"[981760, 1082185, 923746]"
818,"[981760, 6533889, 1005186, 929668, 826249]"
820,"[981760, 6533889, 1005186, 844165, 6533765]"
822,"[981760, 6533889, 1005186, 911878, 907014]"
823,[6534178]
824,"[981760, 1005186, 844165, 911878, 826249]"
825,"[6533889, 1082185, 860776, 1028816, 1095275]"
826,"[981760, 6533889, 1005186, 844165, 6533765]"
829,"[981760, 6533889, 929668, 911878, 962568]"
831,"[951590, 995242, 916122]"
832,"[981760, 1005186, 844165, 911878, 826249]"
836,"[981760, 1005186, 953476, 844165, 826249]"
838,"[981760, 6533889, 1005186, 844165, 6533765]"
839,"[981760, 1005186, 844165, 911878, 826249]"
840,"[981760, 1082185, 883404, 1029743, 860776]"
841,"[981760, 6533889, 6533765, 1043590, 965766]"
842,"[981760, 6533889, 833025, 844165, 1038217]"
843,"[981760, 844165, 826249, 1038217, 879755]"
844,"[995242, 1082185, 1127831, 862349]"
845,[6533889]
846,"[981760, 1005186, 844165, 826249, 862349]"
847,"[981760, 6533889, 1005186, 826249, 862349]"
849,"[981760, 911878, 962568, 862349, 961554]"
850,"[981760, 6533889, 1005186, 6533765, 844165]"
851,"[981760, 1005186, 953476, 844165, 861445]"
852,"[1082185, 1106523]"
853,[6534178]
854,"[981760, 1005186, 844165, 911878, 826249]"
855,"[981760, 1005186, 844165, 911878, 826249]"
856,"[995242, 1082185, 961554]"
857,"[8090521, 995242, 1082185, 5569230]"
858,"[981760, 1005186, 844165, 911878, 826249]"
859,"[6534178, 951590, 995242, 1082185, 5569230]"
860,"[981760, 1005186, 844165, 826249, 862349]"
861,"[981760, 1005186, 911878, 907014, 826249]"
862,"[981760, 1005186, 844165, 907014, 826249]"
863,"[981760, 6533889, 1005186, 844165, 6533765]"
864,"[981760, 1082185, 883404, 1029743, 1096036]"
865,"[981760, 6533889, 1005186, 844165, 965766]"
866,"[6534178, 1082185, 908531]"
867,"[6534178, 1133018, 1106523, 908531]"
868,"[981760, 6533889, 1005186, 929668, 965766]"
869,"[981760, 1005186, 844165, 907014, 826249]"
871,"[995242, 1082185, 866211]"
873,"[981760, 6533889, 6533765, 1043590, 882441]"
875,"[981760, 1005186, 911878, 826249, 862349]"
876,"[981760, 6533889, 1005186, 929668, 826249]"
877,"[981760, 6533889, 1005186, 911878, 962568]"
878,"[951590, 1082185, 1133018, 1106523]"
879,[6534178]
880,"[981760, 1005186, 844165, 911878, 826249]"
881,"[981760, 844165, 1038217, 826249, 882441]"
882,"[6534178, 995242, 1106523, 1029743]"
883,"[995242, 859075, 1082185, 995785, 1096036]"
884,"[981760, 1005186, 844165, 826249, 1038217]"
885,"[981760, 6533889, 844165, 826249, 844179]"
886,"[981760, 6533889, 1005186, 953476, 844165]"
887,"[981760, 1005186, 844165, 907014, 911878]"
888,[1082185]
889,"[6534178, 859075, 1082185, 1029743, 849843]"
891,"[981760, 1005186, 953476, 907014, 965766]"
893,"[981760, 6533889, 1053690, 1005186, 844165]"
894,"[981760, 1005186, 911878, 826249, 862349]"
895,"[1082185, 961554, 866211]"
896,"[981760, 6533889, 1005186, 1136257, 962568]"
897,"[981760, 1005186, 844165, 911878, 826249]"
898,"[1029743, 995785, 834484, 995965]"
899,"[981760, 1005186, 844165, 911878, 826249]"
900,"[1005186, 986912]"
901,"[981760, 6533889, 1005186, 833025, 844165]"
903,[1082185]
904,"[981760, 6533889, 1005186, 844165, 826249]"
905,"[981760, 6533889, 1005186, 826249, 862349]"
906,"[6533889, 1082185, 1005186]"
907,"[981760, 1005186, 911878, 907014, 962568]"
908,"[1082185, 1029743, 916122, 862349]"
909,"[981760, 1136257, 1005186, 6533889, 929668]"
910,"[981760, 6533889, 1005186, 844165, 826249]"
911,"[1082185, 860776]"
913,"[981760, 6533889, 1005186, 929668, 844165]"
914,"[981760, 1005186, 844165, 911878, 826249]"
915,"[981760, 1005186, 911878, 907014, 826249]"
916,"[981760, 6533889, 826249, 862349, 480014]"
919,"[981760, 6533889, 1005186, 844165, 6533765]"
920,"[981760, 6534178, 859075, 1082185, 1133018]"
922,"[6534178, 1082185, 1058997]"
923,"[981760, 6533889, 1005186, 844165, 6533765]"
924,"[981760, 1005186, 844165, 965766, 822407]"
925,"[981760, 1005186, 844165, 911878, 826249]"
926,"[981760, 923746]"
927,"[981760, 1005186, 844165, 911878, 826249]"
928,"[981760, 6533889, 1005186, 911878, 962568]"
929,"[6534178, 995242, 883404, 908531, 862349]"
931,"[981760, 6533889, 1053690, 833025, 929668]"
932,"[981760, 844165, 8090537, 1082185, 1106523]"
933,"[981760, 6533889, 844165, 826249, 844179]"
934,"[981760, 995242, 1068719, 1082185, 883404]"
935,"[981760, 6533889, 1005186, 826249, 862349]"
936,"[981760, 6533889, 1005186, 953476, 844165]"
937,"[981760, 8011397, 5584007, 826249, 862349]"
938,"[981760, 6533889, 1005186, 929668, 844165]"
939,"[1082185, 1133018, 1106523, 1044078]"
940,"[981760, 1005186, 844165, 826249, 1038217]"
941,"[981760, 6533889, 1005186, 826249, 862349]"
942,"[981760, 833025, 1034499, 911878, 1038217]"
943,"[981760, 6533889, 833025, 844165, 826249]"
944,"[981760, 6533889, 1005186, 844165, 965766]"
945,"[981760, 6533889, 1005186, 844165, 826249]"
946,"[981760, 1082185, 1133018]"
947,[866227]
949,"[6534178, 1029743]"
951,"[981760, 6533889, 1005186, 844165, 6533765]"
952,"[981760, 6533889, 844165, 826249, 961554]"
953,"[981760, 1005186, 911878, 826249, 862349]"
954,"[981760, 1005186, 844165, 911878, 826249]"
955,"[1082185, 1106523, 1033615, 1036432]"
956,"[6534166, 849843, 923746]"
957,"[981760, 1005186, 907014, 969866, 984715]"
959,"[981760, 6533889, 1005186, 826249, 862349]"
960,"[981760, 1005186, 826249, 862349, 961554]"
961,"[981760, 1005186, 929668, 844165, 953476]"
962,"[981760, 1005186, 911878, 962568, 826249]"
964,"[981760, 6533889, 844165, 826249, 989075]"
965,"[981760, 844165, 826249, 844179, 989075]"
966,"[981760, 1005186, 844165, 911878, 826249]"
968,"[981760, 995242, 1092026, 859075, 1082185]"
970,"[981760, 6533889, 1005186, 844165, 826249]"
971,[1082185]
972,"[981760, 6533889, 1005186, 844165, 911878]"
973,"[1082185, 866211]"
974,"[981760, 1005186, 844165, 965766, 826249]"
975,"[981760, 6533889, 929668, 911878, 962568]"
976,"[981760, 1082185, 1029743]"
977,"[981760, 1005186, 844165, 911878, 826249]"
978,"[981760, 1005186, 911878, 826249, 862349]"
979,"[6534178, 995242, 1082185, 1029743]"
980,"[981760, 6533889, 1005186, 844165, 6533765]"
981,[1082185]
982,"[981760, 826249, 6534178, 951590, 995242]"
983,"[995242, 1029743]"
984,"[981760, 1005186, 911878, 826249, 862349]"
985,"[981760, 6533889, 1005186, 911878, 826249]"
986,"[981760, 1005186, 844165, 826249, 1038217]"
987,"[981760, 1005186, 844165, 911878, 826249]"
988,"[981760, 6533889, 833025, 822407, 826249]"
989,"[981760, 6533889, 833025, 826249, 961554]"
992,"[981760, 1005186, 844165, 911878, 826249]"
993,"[995242, 1082185]"
994,"[981760, 1005186, 844165, 911878, 826249]"
996,"[981760, 6533889, 1005186, 844165, 826249]"
998,"[833025, 1053690, 6533889, 929668, 844165]"
999,"[981760, 844165, 965766, 826249, 1038217]"
1000,"[981760, 6533889, 1005186, 911878, 962568]"
1001,"[981760, 1005186, 953476, 844165, 826249]"
1002,"[981760, 1005186, 844165, 911878, 826249]"
1004,"[995242, 1029743, 860776]"
1005,"[981760, 911878, 907014, 1043590, 826249]"
1006,"[981760, 6533889, 1005186, 844165, 6533765]"
1007,"[981760, 6533889, 1053690, 929668, 826249]"
1008,"[981760, 6533889, 1005186, 953476, 6533765]"
1010,"[981760, 6533889, 1005186, 826249, 862349]"
1011,"[981760, 6533889, 1005186, 911878, 962568]"
1014,"[981760, 6533889, 1005186, 907014, 911878]"
1015,[1082185]
1016,"[981760, 6533889, 1005186, 911878, 826249]"
1017,"[981760, 1005186, 953476, 844165, 965766]"
1018,[1070820]
1019,"[981760, 1005186, 844165, 911878, 907014]"
1020,[1082185]
1021,[1029743]
1023,"[981760, 6533889, 5668996, 914190, 1022097]"
1024,"[844165, 1106523]"
1025,"[981760, 844165, 822407, 826249, 1038217]"
1027,"[981760, 1005186, 844165, 911878, 826249]"
1029,"[981760, 6533889, 1005186, 962568, 862349]"
1030,"[981760, 1005186, 844165, 911878, 826249]"
1032,"[981760, 6533889, 1005186, 907014, 826249]"
1033,"[981760, 1005186, 911878, 962568, 826249]"
1034,"[981760, 6533889, 1005186, 911878, 826249]"
1036,"[981760, 1005186, 844165, 907014, 965766]"
1037,"[981760, 1005186, 844165, 911878, 826249]"
1039,"[981760, 929668, 965766, 826249, 9526410]"
1040,[1082185]
1041,"[859075, 1106523, 1044078]"
1042,"[1082185, 862349]"
1045,"[1082185, 908531]"
1046,"[981760, 6533889, 1005186, 911878, 962568]"
1047,"[981760, 1005186, 844165, 826249, 1038217]"
1048,"[981760, 6533889, 1005186, 911878, 962568]"
1049,"[981760, 1005186, 844165, 907014, 826249]"
1050,"[981760, 6533889, 1005186, 844165, 965766]"
1051,"[981760, 6533889, 1005186, 844165, 6533765]"
1053,[1005186]
1054,"[981760, 1005186, 844165, 911878, 826249]"
1055,"[981760, 6533889, 1005186, 844165, 826249]"
1056,"[981760, 844165, 965766, 907014, 1043590]"
1057,"[1082185, 1005186]"
1058,"[981760, 6533889, 6533765, 844165, 826249]"
1060,"[951590, 995242, 1082185, 1098066]"
1061,"[981760, 6533889, 1005186, 6533765, 907014]"
1062,"[981760, 1005186, 953476, 844165, 826249]"
1064,"[981760, 1005186, 929668, 826249, 862349]"
1065,"[981760, 833025, 1053690, 929668, 844165]"
1066,"[981760, 951590, 995242, 1082185, 1133018]"
1067,"[981760, 6533889, 833025, 844165, 826249]"
1068,"[981760, 6533889, 1005186, 907014, 826249]"
1069,"[995242, 1082185, 1029743, 908531, 849843]"
1070,"[995242, 1029743]"
1071,"[981760, 1005186, 844165, 826249, 879755]"
1072,"[981760, 6533889, 844165, 6533765, 1043590]"
1073,"[981760, 6533889, 1005186, 929668, 826249]"
1074,"[6534178, 995242, 1029743, 908531, 860776]"
1075,"[981760, 6533889, 1005186, 844165, 6533765]"
1076,[8090521]
1077,"[981760, 6533889, 1005186, 844165, 826249]"
1078,"[981760, 6533889, 1005186, 911878, 962568]"
1079,"[981760, 6533889, 1005186, 911878, 826249]"
1080,"[981760, 833025, 844165, 965766, 826249]"
1081,"[981760, 995242, 5569230, 1106523, 834484]"
1082,"[883404, 1133018, 908531]"
1083,"[981760, 6533889, 1005186, 844165, 911878]"
1084,"[981760, 1005186, 953476, 844165, 907014]"
1085,"[981760, 6533889, 1053690, 929668, 822407]"
1086,"[981760, 6533889, 1005186, 907014, 962568]"
1088,"[981760, 6533889, 1005186, 844165, 1118598]"
1089,"[981760, 6533889, 833025, 844165, 826249]"
1091,"[6533889, 6534178, 951590, 1082185, 1029743]"
1092,"[981760, 6533889, 1005186, 844165, 826249]"
1093,"[981760, 1005186, 844165, 911878, 826249]"
1094,"[981760, 951590, 1082185, 1029743, 1013321]"
1095,"[981760, 1005186, 844165, 911878, 826249]"
1096,"[981760, 1005186, 844165, 911878, 826249]"
1097,"[981760, 6533889, 1005186, 911878, 826249]"
1098,"[981760, 6533889, 1005186, 8011397, 5584645]"
1099,"[981760, 6533889, 1005186, 844165, 826249]"
1100,"[981760, 6533889, 1005186, 6533765, 844165]"
1101,"[981760, 6533889, 1005186, 844165, 6533765]"
1102,"[981760, 1005186, 844165, 907014, 911878]"
1103,"[6534178, 1029743]"
1104,"[981760, 1005186, 844165, 826249, 862349]"
1105,"[981760, 1005186, 844165, 911878, 826249]"
1106,"[981760, 1005186, 844165, 911878, 826249]"
1107,"[981760, 1005186, 844165, 826249, 862349]"
1109,"[981760, 1005186, 911878, 962568, 826249]"
1110,"[981760, 1005186, 844165, 826249, 862349]"
1111,"[1005186, 866950, 1119879, 1056651, 853904]"
1112,"[981760, 6533889, 1005186, 911878, 826249]"
1113,"[1082185, 961554, 1126899]"
1114,"[981760, 1005186, 844165, 826249, 961554]"
1116,"[981760, 6533889, 833025, 844165, 822407]"
1117,"[981760, 6533889, 1005186, 844165, 822407]"
1119,"[981760, 6533889, 1005186, 826249, 862349]"
1121,"[981760, 1005186, 844165, 965766, 826249]"
1123,[981760]
1125,"[981760, 6533889, 1005186, 844165, 826249]"
1126,"[981760, 1005186, 911878, 962568, 826249]"
1127,"[981760, 1005186, 844165, 911878, 826249]"
1128,"[981760, 6533889, 826249, 961554, 1050131]"
1129,"[981760, 6533889, 1005186, 826249, 862349]"
1130,"[1082185, 1133018, 995785, 923746]"
1131,"[981760, 1005186, 844165, 826249, 1038217]"
1133,"[981760, 6533889, 1005186, 911878, 962568]"
1134,"[981760, 911878, 826249, 862349, 985999]"
1135,[1029743]
1136,"[981760, 1005186, 844165, 965766, 907014]"
1137,"[995242, 1082185]"
1138,"[1053690, 844165]"
1140,"[981760, 6533889, 1005186, 844165, 826249]"
1141,"[981760, 1005186, 844165, 826249, 1038217]"
1142,"[965766, 826249, 995242, 1082185, 916122]"
1143,"[981760, 1005186, 844165, 911878, 826249]"
1145,"[981760, 844165, 907014, 1043590, 965766]"
1146,"[981760, 6534178, 995242, 1082185, 1029743]"
1147,[1106523]
1148,"[981760, 6533889, 1005186, 844165, 6533765]"
1149,"[981760, 1005186, 911878, 826249, 862349]"
1151,"[981760, 6533889, 907014, 965766, 826249]"
1152,"[981760, 6533889, 833025, 844165, 911878]"
1154,"[1053690, 1106523, 908531, 849843]"
1155,"[981760, 833025, 844165, 826249, 1038217]"
1156,"[981760, 1005186, 844165, 911878, 826249]"
1157,"[981760, 1005186, 929668, 911878, 826249]"
1158,"[981760, 6533889, 1005186, 844165, 826249]"
1159,"[6534178, 1082185]"
1160,"[844179, 859075, 1133018, 1106523, 1044078]"
1163,"[995242, 1082185, 1029743]"
1164,[1082185]
1165,"[981760, 6533889, 1005186, 844165, 826249]"
1166,"[6534178, 995242, 1082185, 1029743, 995785]"
1167,"[1082185, 862349]"
1168,"[981760, 1005186, 844165, 911878, 826249]"
1169,"[844165, 859075, 1082185, 1106523, 849843]"
1170,"[981760, 1005186, 844165, 911878, 826249]"
1172,"[995242, 1029743]"
1173,"[981760, 6533889, 1005186, 844165, 826249]"
1174,"[981760, 1005186, 844165, 907014, 1043590]"
1175,"[6533889, 6534166, 6534178, 1082185]"
1177,"[981760, 1005186, 844165, 911878, 826249]"
1178,"[995242, 840361]"
1179,"[6534178, 995242, 1082185, 908531, 860776]"
1180,"[981760, 6533889, 6533765, 1118598, 907014]"
1181,"[981760, 6533889, 844165, 826249, 882441]"
1182,"[981760, 6533889, 1005186, 844165, 6533765]"
1185,"[981760, 6533889, 1005186, 844165, 6533765]"
1186,"[6533889, 1082185, 1126899]"
1187,"[981760, 844165, 1118598, 965766, 907014]"
1188,[1133018]
1189,"[981760, 1005186, 844165, 911878, 826249]"
1190,"[6534178, 995242]"
1191,"[981760, 1005186, 911878, 826249, 862349]"
1192,"[1095040, 5668996, 965766, 1042438, 833556]"
1193,"[981760, 6533889, 1005186, 953476, 844165]"
1194,"[981760, 1005186, 844165, 907014, 826249]"
1195,"[981760, 1005186, 844165, 911878, 826249]"
1196,"[981760, 1005186, 844165, 911878, 826249]"
1197,"[981760, 8090521, 1029743]"
1198,"[981760, 1005186, 911878, 962568, 826249]"
1201,"[981760, 6533889, 1005186, 844165, 826249]"
1202,"[981760, 916993, 1005186, 8011397, 826249]"
1203,"[981760, 6533889, 929668, 965766, 907014]"
1204,"[981760, 6533889, 833025, 844165, 826249]"
1205,"[981760, 833025, 1053690, 929668, 844165]"
1206,"[981760, 833025, 844165, 965766, 907014]"
1207,"[981760, 1005186, 953476, 844165, 826249]"
1208,"[981760, 6533889, 1005186, 844165, 6533765]"
1209,"[981760, 1005186, 844165, 911878, 826249]"
1211,"[981760, 6533889, 1005186, 5668996, 826249]"
1213,"[981760, 6533889, 1005186, 844165, 6533765]"
1215,"[981760, 1005186, 911878, 826249, 862349]"
1216,"[981760, 1005186, 911878, 962568, 826249]"
1217,"[981760, 6533889, 1053690, 844165, 965766]"
1218,"[6534166, 1082185, 849843, 1070820]"
1219,"[981760, 1005186, 844165, 907014, 826249]"
1221,"[981760, 1005186, 844165, 911878, 826249]"
1222,"[981760, 951590, 1082185, 5569230, 1133018]"
1223,"[981760, 844165, 826249, 1038217, 879755]"
1224,"[981760, 1005186, 907014, 1043590, 826249]"
1225,"[981760, 1005186, 844165, 826249, 961554]"
1226,"[859075, 1082185, 1133018, 1106523, 840361]"
1227,"[981760, 907014, 1038985, 480014, 1050131]"
1228,"[981760, 6534178, 1068719, 1082185, 883404]"
1229,"[6534178, 1082185, 1127831, 916122, 995785]"
1231,"[981760, 1005186, 8011397, 911878, 962568]"
1234,"[981760, 929668, 911878, 962568, 826249]"
1235,"[981760, 6533889, 1005186, 844165, 826249]"
1236,"[981760, 1053690, 844165, 965766, 826249]"
1238,"[981760, 911878, 962568, 826249, 914190]"
1239,"[981760, 929668, 844165, 965766, 822407]"
1240,"[981760, 6533889, 6534178, 1082185, 860776]"
1241,"[981760, 1005186, 844165, 826249, 862349]"
1242,"[981760, 1005186, 844165, 911878, 826249]"
1244,"[981760, 1005186, 844165, 911878, 826249]"
1245,"[981760, 6533889, 1005186, 907014, 826249]"
1246,"[981760, 6533889, 1005186, 929668, 826249]"
1247,"[981760, 826249, 951590, 995242, 1082185]"
1248,"[951590, 1082185, 1106523]"
1250,"[981760, 1005186, 844165, 911878, 826249]"
1251,"[981760, 6533889, 1005186, 844165, 6533765]"
1252,"[981760, 1005186, 844165, 911878, 826249]"
1254,"[981760, 1005186, 844165, 911878, 826249]"
1255,"[981760, 1005186, 844165, 826249, 961554]"
1256,"[981760, 6533889, 1005186, 911878, 1056651]"
1258,"[981760, 6533889, 1005186, 826249, 862349]"
1259,"[981760, 1005186, 844165, 911878, 826249]"
1260,"[1082185, 840361, 866227, 961554, 1058997]"
1261,"[1082185, 866211]"
1263,[981760]
1264,"[995242, 1029743]"
1265,"[981760, 1005186, 844165, 826249, 862349]"
1266,"[981760, 1005186, 953476, 844165, 907014]"
1267,"[1082185, 1005186]"
1268,"[981760, 6533889, 1005186, 929668, 844165]"
1269,"[981760, 1005186, 911878, 962568, 826249]"
1270,"[1082185, 1133018, 1106523]"
1271,"[981760, 1005186, 911878, 907014, 962568]"
1272,"[1082185, 916122]"
1273,"[981760, 1005186, 844165, 911878, 826249]"
1274,"[981760, 929668, 844165, 965766, 953476]"
1276,"[981760, 6533889, 1005186, 911878, 907014]"
1277,"[981760, 6533889, 1053690, 833025, 844165]"
1278,"[981760, 1005186, 844165, 911878, 826249]"
1279,"[981760, 6533889, 1005186, 6533765, 907014]"
1280,"[1095040, 5668996, 833556, 7410071, 7440663]"
1281,"[981760, 6533889, 1005186, 844165, 826249]"
1282,"[981760, 1043590, 907014, 965766, 969866]"
1284,"[981760, 1005186, 844165, 907014, 826249]"
1285,"[1082185, 916122]"
1287,"[981760, 1005186, 965766, 826249, 862349]"
1288,"[981760, 6533889, 1005186, 844165, 826249]"
1289,"[981760, 1005186, 953476, 844165, 822407]"
1290,"[981760, 1005186, 844165, 907014, 826249]"
1291,"[981760, 1082185, 1106523]"
1292,"[981760, 1005186, 844165, 911878, 826249]"
1293,"[981760, 844165, 907014, 1043590, 826249]"
1294,"[981760, 1005186, 911878, 962568, 826249]"
1295,"[981760, 844165, 965766, 826249, 844179]"
1296,"[995242, 1029743, 1005186]"
1297,"[1082185, 995785]"
1298,"[981760, 6533889, 1005186, 844165, 826249]"
1299,"[1082185, 840361]"
1300,"[981760, 6533889, 1005186, 911878, 826249]"
1302,"[981760, 6533889, 1005186, 844165, 826249]"
1303,"[981760, 6533889, 1005186, 929668, 826249]"
1304,"[981760, 1005186, 844165, 911878, 907014]"
1305,"[6534178, 995242, 883404, 1133018, 1106523]"
1306,"[951590, 859075, 1029743]"
1307,"[981760, 6533889, 1005186, 826249, 1056651]"
1312,"[981760, 6533889, 1053690, 1005186, 929668]"
1313,"[981760, 1005186, 844165, 907014, 826249]"
1314,"[981760, 6533889, 1005186, 965766, 962568]"
1316,"[1082185, 1029743]"
1317,"[981760, 833025, 844165, 822407, 826249]"
1318,"[981760, 6533889, 1005186, 911878, 962568]"
1319,"[981760, 1005186, 911878, 826249, 862349]"
1320,"[981760, 1005186, 844165, 911878, 826249]"
1321,"[883404, 1106523]"
1324,"[981760, 1005186, 844165, 965766, 907014]"
1325,"[981760, 1005186, 911878, 962568, 826249]"
1326,"[981760, 995242, 1082185, 883404, 1044078]"
1328,"[981760, 6533889, 1005186, 6533765, 844165]"
1329,"[981760, 6533889, 1005186, 844165, 826249]"
1330,"[981760, 6533889, 833025, 1005186, 844165]"
1331,"[981760, 1005186, 844165, 911878, 826249]"
1332,"[981760, 6533889, 1005186, 911878, 826249]"
1333,[1082185]
1334,"[981760, 1005186, 844165, 826249, 879755]"
1335,"[981760, 6533889, 1005186, 911878, 826249]"
1336,"[981760, 833025, 929668, 965766, 826249]"
1337,"[908531, 840361, 923746, 994928, 961554]"
1338,"[981760, 6533889, 844165, 6533765, 826249]"
1340,"[981760, 1005186, 844165, 911878, 826249]"
1341,"[981760, 1005186, 844165, 911878, 826249]"
1342,"[981760, 6533889, 1005186, 6533765, 844165]"
1345,"[981760, 1005186, 844165, 911878, 826249]"
1346,"[981760, 844165, 820486, 826249, 862349]"
1347,"[981760, 6533889, 1005186, 844165, 826249]"
1350,"[981760, 6533889, 1005186, 6533765, 907014]"
1351,"[981760, 1005186, 844165, 911878, 826249]"
1352,"[981760, 6533889, 1005186, 911878, 962568]"
1353,"[981760, 6533889, 833025, 965766, 826249]"
1354,"[995242, 1082185]"
1356,"[981760, 1005186, 911878, 962568, 826249]"
1357,"[6534178, 1096036]"
1358,"[981760, 6533889, 1005186, 844165, 826249]"
1360,"[981760, 1005186, 844165, 911878, 826249]"
1361,"[981760, 1005186, 844165, 911878, 826249]"
1362,"[981760, 1005186, 844165, 911878, 826249]"
1364,"[1082185, 1005186]"
1366,"[981760, 6533889, 911878, 5584007, 962568]"
1367,"[6534178, 1082185]"
1368,"[981760, 6533889, 1005186, 911878, 826249]"
1369,"[981760, 1082185, 1058997]"
1370,"[981760, 826249, 844179, 883404, 1106523]"
1372,"[981760, 6533889, 1005186, 844165, 826249]"
1373,"[981760, 6533889, 1005186, 844165, 826249]"
1374,"[981760, 1005186, 844165, 907014, 1043590]"
1375,"[981760, 6533889, 1005186, 911878, 962568]"
1376,"[8090537, 995242, 1082185, 883404, 1029743]"
1378,"[981760, 1082185, 860776]"
1379,"[981760, 1005186, 953476, 861445, 962568]"
1382,"[981760, 1005186, 929668, 844165, 965766]"
1383,"[981760, 1005186, 844165, 911878, 826249]"
1384,"[981760, 6533889, 1005186, 844165, 826249]"
1385,"[981760, 1043590, 907014, 1012873, 900491]"
1386,"[981760, 6533889, 1005186, 6533765, 844165]"
1387,"[981760, 1005186, 844165, 907014, 965766]"
1388,"[981760, 6533889, 929668, 965766, 822407]"
1389,[1058997]
1390,"[981760, 833025, 965766, 826249, 1038217]"
1391,"[981760, 6533889, 911878, 962568, 826249]"
1392,"[981760, 6533889, 1005186, 962568, 826249]"
1393,"[1082185, 866211, 1058997]"
1394,"[1082185, 860776, 862349]"
1395,"[981760, 1005186, 844165, 911878, 826249]"
1397,"[1068719, 1082185, 883404, 1106523, 1005186]"
1398,"[981760, 1005186, 844165, 911878, 826249]"
1399,"[981760, 1005186, 911878, 826249, 862349]"
1401,"[981760, 1005186, 844165, 911878, 826249]"
1402,[1082185]
1403,"[981760, 6533889, 929668, 844165, 965766]"
1404,"[981760, 1005186, 844165, 826249, 862349]"
1405,"[981760, 6533889, 1005186, 826249, 862349]"
1406,"[981760, 6533889, 833025, 929668, 826249]"
1407,"[981760, 1005186, 844165, 911878, 826249]"
1408,"[981760, 1005186, 844165, 826249, 862349]"
1409,"[981760, 1005186, 844165, 911878, 826249]"
1410,"[981760, 6533889, 1005186, 911878, 962568]"
1412,[1082185]
1413,"[981760, 1005186, 844165, 911878, 826249]"
1414,"[981760, 1005186, 844165, 911878, 826249]"
1415,"[981760, 1005186, 844165, 911878, 826249]"
1417,"[981760, 6533889, 833025, 911878, 882441]"
1418,[1082185]
1419,"[1085604, 1133018, 1106523, 1044078, 908531]"
1420,"[981760, 6533889, 1005186, 907014, 826249]"
1421,"[981760, 1053690, 6534178, 995242, 1082185]"
1423,"[981760, 6533889, 1005186, 911878, 907014]"
1424,"[981760, 1005186, 844165, 911878, 826249]"
1425,"[951590, 8090537, 995242, 5569230, 1029743]"
1426,"[981760, 6533889, 1005186, 844165, 965766]"
1427,"[981760, 1005186, 844165, 907014, 965766]"
1428,[1029743]
1429,[1058997]
1430,"[981760, 951590, 995242, 1082185, 5569230]"
1431,"[981760, 6533889, 1005186, 911878, 826249]"
1433,"[981760, 1005186, 844165, 911878, 826249]"
1434,"[981760, 1005186, 953476, 826249, 862349]"
1437,"[995242, 1029743]"
1438,"[981760, 1005186, 911878, 826249, 862349]"
1439,"[981760, 6533889, 1005186, 844165, 826249]"
1440,"[981760, 6533889, 833025, 844165, 826249]"
1443,[1082185]
1445,"[981760, 1005186, 911878, 962568, 826249]"
1446,"[981760, 6533889, 1005186, 6533765, 907014]"
1447,"[981760, 1005186, 844165, 826249, 862349]"
1448,"[981760, 6533889, 1005186, 844165, 826249]"
1450,"[981760, 6533889, 1005186, 6533765, 844165]"
1451,"[1082185, 1044078, 862349, 1070820]"
1452,"[995242, 1133018, 866227]"
1453,"[995242, 1082185, 883404, 1029743, 1005186]"
1454,"[6534178, 995242, 1082185, 860776, 878996]"
1457,"[981760, 1005186, 844165, 907014, 1043590]"
1458,"[981760, 6533889, 1005186, 911878, 962568]"
1459,"[981760, 1005186, 929668, 907014, 965766]"
1460,"[981760, 6533889, 1005186, 826249, 862349]"
1461,"[981760, 6534178, 995242, 1082185, 1029743]"
1462,"[995242, 1082185]"
1463,"[981760, 6533889, 833025, 1005186, 826249]"
1465,"[981760, 6533889, 1005186, 826249, 862349]"
1466,"[981760, 6533889, 929668, 911878, 826249]"
1467,"[995242, 1005186, 866227]"
1470,"[995242, 1029743]"
1471,"[981760, 6533889, 1005186, 844165, 6533765]"
1473,"[981760, 911878, 962568, 826249, 862349]"
1474,[1106523]
1475,"[981760, 6533889, 844179, 6534178, 1082185]"
1476,"[981760, 6533889, 911878, 962568, 961554]"
1477,"[981760, 1005186, 844165, 911878, 826249]"
1479,"[6534178, 995242, 1082185, 883404, 1029743]"
1481,[995242]
1483,"[6534178, 5569230]"
1484,[1058997]
1485,"[981760, 1005186, 844165, 911878, 826249]"
1486,"[981760, 1005186, 844165, 911878, 826249]"
1487,"[981760, 6533889, 1005186, 844165, 826249]"
1488,"[995242, 1082185]"
1489,"[833025, 943233, 929668, 965766, 822407]"
1490,"[981760, 6533889, 1005186, 907014, 826249]"
1491,"[981760, 1082185, 1029743, 834484, 854852]"
1492,[995242]
1493,"[981760, 6533889, 1005186, 844165, 826249]"
1494,"[995242, 1068719, 1082185, 923746]"
1495,"[981760, 1005186, 907014, 1043590, 911878]"
1496,"[981760, 1005186, 844165, 965766, 826249]"
1498,"[981760, 1005186, 911878, 826249, 862349]"
1499,"[981760, 6533889, 1005186, 911878, 962568]"
1500,"[981760, 6533889, 1005186, 844165, 6533765]"
1501,"[981760, 6533889, 1005186, 911878, 962568]"
1502,"[981760, 1005186, 911878, 826249, 862349]"
1503,"[981760, 1005186, 844165, 911878, 826249]"
1505,"[1053690, 1133018, 1005186, 866227]"
1506,"[981760, 1005186, 844165, 907014, 1043590]"
1507,"[981760, 6533889, 1005186, 844165, 6533765]"
1508,"[981760, 6533889, 1005186, 844165, 826249]"
1509,"[6534178, 1029743, 1095275]"
1510,"[981760, 6533889, 1005186, 953476, 845193]"
1511,"[981760, 929668, 844165, 965766, 822407]"
1512,"[981760, 6533889, 1005186, 844165, 826249]"
1513,"[981760, 1005186, 844165, 826249, 862349]"
1514,"[981760, 1005186, 826249, 862349, 961554]"
1515,"[981760, 1005186, 929668, 965766, 826249]"
1517,"[1082185, 862349]"
1518,"[981760, 6533889, 1005186, 844165, 826249]"
1519,"[981760, 6533889, 1005186, 929668, 826249]"
1520,"[981760, 6533889, 1005186, 826249, 862349]"
1521,"[981760, 1005186, 844165, 911878, 907014]"
1525,"[981760, 1005186, 844165, 907014, 826249]"
1526,"[981760, 1005186, 953476, 844165, 826249]"
1527,"[6534178, 951590, 995242, 1082185, 1106523]"
1528,"[1053690, 844165, 844179, 995242, 1082185]"
1529,"[981760, 6533889, 833025, 1136257, 911878]"
1530,"[981760, 6533889, 1005186, 911878, 962568]"
1531,"[981760, 1005186, 911878, 826249, 862349]"
1532,"[981760, 6533889, 1005186, 911878, 826249]"
1533,"[981760, 1005186, 844165, 911878, 826249]"
1534,"[6534178, 1005186, 923746, 1070820]"
1535,"[981760, 953476, 6533765, 965766, 1043590]"
1536,[1029743]
1537,"[6534178, 995242, 1106523, 1029743]"
1539,"[981760, 1005186, 844165, 911878, 826249]"
1540,"[1133018, 1106523]"
1541,"[981760, 1053690, 995242, 1082185, 1029743]"
1542,"[981760, 1005186, 844165, 911878, 826249]"
1543,"[981760, 1005186, 844165, 911878, 826249]"
1544,"[981760, 6533889, 1136257, 911878, 826249]"
1545,[8090521]
1546,"[981760, 6533889, 826249, 882441, 900491]"
1547,"[981760, 6533889, 1005186, 844165, 826249]"
1548,"[981760, 6533889, 1005186, 833025, 929668]"
1549,[986912]
1550,"[981760, 6533889, 6533765, 844165, 882441]"
1552,"[981760, 1005186, 844165, 911878, 826249]"
1555,"[981760, 1005186, 953476, 844165, 826249]"
1556,"[995242, 1082185, 840361]"
1557,"[6534178, 1082185, 1106523, 860776]"
1558,"[981760, 1005186, 826249, 862349, 914190]"
1559,"[981760, 1005186, 844165, 911878, 826249]"
1560,"[981760, 1005186, 844165, 965766, 826249]"
1563,"[981760, 6533889, 1005186, 911878, 962568]"
1564,"[981760, 1005186, 844165, 911878, 826249]"
1565,"[981760, 6533889, 929668, 826249, 862349]"
1566,"[6534178, 1082185, 995785]"
1567,"[1082185, 1133018, 1026118]"
1568,"[981760, 883404, 1133018, 923746]"
1569,"[981760, 1005186, 844165, 907014, 826249]"
1570,"[981760, 1005186, 911878, 962568, 826249]"
1572,"[981760, 6533889, 1005186, 826249, 862349]"
1574,"[981760, 833025, 1034499, 1038217, 826249]"
1575,"[981760, 6533889, 1005186, 911878, 962568]"
1576,"[981760, 1005186, 844165, 911878, 907014]"
1577,"[981760, 6533889, 833025, 929668, 822407]"
1578,"[916122, 995785]"
1579,"[981760, 6533889, 1005186, 911878, 962568]"
1580,"[995242, 1005186]"
1581,"[981760, 1005186, 844165, 911878, 826249]"
1583,"[981760, 1005186, 844165, 911878, 826249]"
1584,"[981760, 6533889, 929668, 965766, 826249]"
1585,"[1082185, 1126899]"
1586,"[981760, 1005186, 911878, 907014, 826249]"
1587,"[981760, 6533889, 1005186, 844165, 6533765]"
1588,"[1082185, 908531, 1095275]"
1590,"[981760, 929668, 911878, 962568, 826249]"
1591,"[1082185, 995785, 860776, 862349, 961554]"
1592,"[981760, 6533889, 1005186, 844165, 826249]"
1593,"[981760, 6533889, 1005186, 826249, 862349]"
1594,"[981760, 6533889, 1005186, 844165, 6533765]"
1595,"[6534178, 5568378]"
1596,"[981760, 1005186, 844165, 911878, 826249]"
1598,"[981760, 6533889, 1005186, 929668, 965766]"
1599,"[981760, 953476, 1043590, 907014, 969866]"
1602,"[981760, 1005186, 911878, 962568, 862349]"
1604,"[981760, 1005186, 844165, 965766, 826249]"
1605,"[981760, 1005186, 844165, 911878, 826249]"
1607,"[981760, 844165, 826249, 862732, 862349]"
1608,"[981760, 8011397, 911878, 962568, 826249]"
1609,"[981760, 951590, 1082185, 1106523, 1029743]"
1611,"[981760, 1005186, 844165, 911878, 826249]"
1612,"[981760, 6533889, 1005186, 962568, 826249]"
1613,"[981760, 1053690, 929668, 965766, 822407]"
1614,"[981760, 6533889, 8011397, 911878, 826249]"
1615,"[981760, 6533889, 1005186, 844165, 6533765]"
1617,"[981760, 6533889, 965766, 907014, 1118598]"
1618,"[1082185, 862349]"
1619,"[981760, 6533889, 1005186, 911878, 962568]"
1620,"[833025, 6533889, 1043590, 1038217, 826249]"
1621,"[981760, 833025, 844165, 965766, 822407]"
1622,"[981760, 6533889, 1005186, 916993, 5584007]"
1623,"[981760, 6533889, 1005186, 844165, 6533765]"
1624,"[981760, 1005186, 844165, 911878, 826249]"
1625,"[981760, 1005186, 844165, 911878, 826249]"
1627,"[6534178, 1082185]"
1629,"[981760, 1005186, 844165, 911878, 826249]"
1630,"[981760, 8065410, 907014, 965766, 826249]"
1631,"[826249, 995242, 1082185, 1098066, 1029743]"
1632,"[981760, 6533889, 1005186, 8011397, 5584007]"
1633,"[981760, 951590, 995242, 859075, 1082185]"
1634,"[844165, 995242, 1082185, 5569230, 1044078]"
1635,"[981760, 1005186, 844165, 911878, 826249]"
1636,"[981760, 1005186, 844165, 826249, 862349]"
1637,"[981760, 844165, 826249, 862349, 1037840]"
1638,"[981760, 1005186, 8011397, 911878, 826249]"
1639,"[981760, 844165, 1043590, 1038217, 826249]"
1640,"[981760, 6533889, 833025, 929668, 844165]"
1641,"[981760, 6533889, 1005186, 844165, 826249]"
1642,"[981760, 1033220, 911878, 826249, 961554]"
1643,"[981760, 6533889, 1005186, 844165, 826249]"
1644,"[981760, 1005186, 844165, 911878, 826249]"
1647,"[981760, 1005186, 844165, 911878, 826249]"
1648,"[981760, 883404, 1106523]"
1649,"[1082185, 995785]"
1650,"[981760, 1005186, 911878, 962568, 826249]"
1651,"[981760, 1005186, 911878, 962568, 826249]"
1653,"[981760, 995242, 1082185, 1098066, 1044078]"
1654,"[981760, 1005186, 844165, 911878, 826249]"
1656,"[981760, 1005186, 844165, 911878, 826249]"
1657,"[981760, 6533889, 1005186, 844165, 826249]"
1658,"[981760, 1005186, 907014, 826249, 862349]"
1659,"[981760, 6533889, 911878, 962568, 826249]"
1660,"[981760, 6533889, 6533765, 844165, 826249]"
1661,"[981760, 6533889, 911878, 826249, 862349]"
1662,"[981760, 1082185, 916122, 866211, 1070820]"
1663,"[981760, 6533889, 1005186, 844165, 6533765]"
1664,"[981760, 6533889, 1005186, 844165, 826249]"
1665,"[981760, 6533889, 1005186, 911878, 907014]"
1666,"[981760, 6533889, 1005186, 844165, 826249]"
1667,"[981760, 1005186, 844165, 826249, 862349]"
1668,"[981760, 6533889, 1005186, 844165, 826249]"
1671,"[981760, 1005186, 911878, 826249, 862349]"
1672,"[981760, 844165, 1043590, 826249, 882441]"
1673,"[981760, 6533889, 833025, 844165, 826249]"
1676,[1082185]
1677,"[981760, 8090521, 995242, 1082185, 1029743]"
1678,"[981760, 6533889, 1005186, 833025, 844165]"
1679,"[981760, 1005186, 844165, 826249, 862349]"
1680,"[981760, 1005186, 844165, 911878, 826249]"
1681,"[981760, 6533889, 1005186, 826249, 862349]"
1683,"[981760, 6533889, 1005186, 844165, 826249]"
1684,"[981760, 6533889, 1005186, 844165, 965766]"
1685,"[981760, 1005186, 844165, 911878, 826249]"
1686,"[981760, 6533889, 1005186, 844165, 826249]"
1687,"[981760, 1005186, 911878, 962568, 826249]"
1688,"[981760, 6533889, 1005186, 844165, 826249]"
1689,"[6534178, 995242]"
1690,"[981760, 1005186, 844165, 907014, 965766]"
1691,"[981760, 1005186, 844165, 911878, 826249]"
1692,"[995242, 1044078]"
1693,"[6534178, 1082185]"
1694,"[844165, 844179, 6534178, 951590, 859075]"
1695,"[981760, 6533889, 1005186, 844165, 6533765]"
1697,"[981760, 6533889, 1005186, 844165, 965766]"
1698,"[981760, 1005186, 844165, 907014, 911878]"
1699,"[981760, 1005186, 844165, 965766, 911878]"
1700,"[981760, 844165, 826249, 879755, 844179]"
1701,"[981760, 6533889, 1005186, 826249, 862349]"
1702,"[981760, 844165, 965766, 822407, 826249]"
1703,"[981760, 844165, 1043590, 907014, 965766]"
1704,"[981760, 6533889, 1053690, 929668, 826249]"
1705,"[981760, 6533889, 1005186, 844165, 826249]"
1706,"[981760, 1005186, 844165, 911878, 826249]"
1707,[995242]
1708,"[995242, 1082185, 1029743, 994928]"
1710,"[995242, 1082185, 1133018, 1106523, 1029743]"
1711,"[981760, 6533889, 1005186, 844165, 826249]"
1712,"[981760, 1005186, 844165, 911878, 826249]"
1713,"[981760, 1005186, 844165, 911878, 826249]"
1714,"[981760, 1005186, 844165, 911878, 826249]"
1715,"[981760, 1005186, 911878, 826249, 862349]"
1716,"[981760, 6533889, 1005186, 844165, 826249]"
1717,"[981760, 1005186, 911878, 962568, 826249]"
1718,"[981760, 1005186, 844165, 911878, 826249]"
1719,"[981760, 1005186, 826249, 862349, 914190]"
1720,[862349]
1721,"[981760, 1005186, 844165, 911878, 826249]"
1722,"[1053690, 6534178, 5569230, 994928, 1058997]"
1723,"[981760, 6533889, 1005186, 911878, 962568]"
1724,"[981760, 6533889, 911878, 826249, 862349]"
1726,"[6534178, 1082185, 995785, 866211]"
1728,"[981760, 1005186, 844165, 911878, 826249]"
1729,"[981760, 6533889, 833025, 1005186, 911878]"
1730,"[981760, 6533889, 1005186, 844165, 6533765]"
1731,"[981760, 6533889, 833025, 844165, 826249]"
1732,"[981760, 1005186, 911878, 826249, 961554]"
1733,"[981760, 1005186, 844165, 911878, 826249]"
1735,"[981760, 6533889, 1005186, 844165, 965766]"
1737,"[981760, 1005186, 844165, 911878, 826249]"
1738,"[981760, 833025, 1005186, 844165, 965766]"
1739,"[981760, 1005186, 844165, 826249, 961554]"
1740,"[6534166, 1082185, 1005186, 1127831]"
1742,"[981760, 6533889, 844165, 911878, 826249]"
1743,"[981760, 6533889, 1015296, 1041157, 6533765]"
1744,"[981760, 1005186, 844165, 911878, 826249]"
1745,"[981760, 844165, 907014, 1043590, 826249]"
1746,"[981760, 6533889, 844165, 965766, 826249]"
1747,"[981760, 6533889, 833025, 1005186, 844165]"
1748,"[6534178, 1133018, 1106523]"
1749,"[995242, 1082185]"
1750,"[981760, 6533889, 1005186, 844165, 826249]"
1751,"[5569230, 862349]"
1752,"[6533765, 965766, 1043590, 907014, 1012873]"
1753,"[981760, 6533889, 1005186, 844165, 826249]"
1754,"[981760, 6533889, 1005186, 844165, 965766]"
1755,"[981760, 1005186, 844165, 911878, 826249]"
1758,"[981760, 1005186, 844165, 911878, 826249]"
1759,"[981760, 953476, 826249, 1038217, 862349]"
1760,"[981760, 1005186, 844165, 911878, 826249]"
1761,"[981760, 1005186, 844165, 911878, 907014]"
1762,"[6534178, 995242, 859075, 1082185, 883404]"
1763,"[981760, 1005186, 844165, 911878, 826249]"
1764,"[6534178, 860776]"
1765,"[981760, 6533889, 1005186, 844165, 965766]"
1766,"[981760, 1005186, 953476, 844165, 907014]"
1767,"[833025, 1043590, 907014, 1038217, 826249]"
1768,"[981760, 6533889, 1005186, 911878, 962568]"
1769,"[981760, 6533889, 1005186, 907014, 962568]"
1770,"[981760, 6533889, 1005186, 911878, 962568]"
1771,"[981760, 1005186, 844165, 911878, 826249]"
1773,"[981760, 6533889, 1005186, 911878, 962568]"
1774,"[981760, 833025, 1053690, 929668, 844165]"
1775,"[1082185, 908531, 1005186, 866211, 1058997]"
1776,"[981760, 911878, 962568, 862349, 961554]"
1777,"[981760, 1005186, 844165, 911878, 826249]"
1778,"[981760, 951590, 995242, 1082185, 1029743]"
1779,"[1082185, 908531, 862349, 1070820]"
1781,"[981760, 6533889, 1005186, 911878, 826249]"
1782,"[981760, 6533889, 1005186, 844165, 965766]"
1783,"[981760, 6533889, 1005186, 962568, 826249]"
1784,"[981760, 1005186, 844165, 911878, 826249]"
1785,[1082185]
1786,"[981760, 6533889, 1005186, 844165, 6533765]"
1788,"[6534178, 995242, 995785, 961554, 866211]"
1789,"[981760, 1005186, 844165, 911878, 826249]"
1790,"[981760, 1005186, 844165, 826249, 862349]"
1791,"[6534178, 995242]"
1792,"[981760, 6533889, 1005186, 844165, 965766]"
1793,"[981760, 6533889, 1005186, 6533765, 907014]"
1794,"[981760, 6533889, 833025, 929668, 844165]"
1795,"[6534178, 1082185, 866227]"
1796,"[6534178, 1029743]"
1797,[1082185]
1799,"[981760, 1005186, 844165, 826249, 879755]"
1800,"[981760, 6533889, 1005186, 911878, 962568]"
1801,"[981760, 1005186, 844165, 911878, 826249]"
1802,[1082185]
1803,"[951590, 1082185, 5569230, 1029743, 860776]"
1804,"[995242, 1082185, 1029743, 1127831]"
1805,"[981760, 1005186, 844165, 911878, 826249]"
1806,"[981760, 6533889, 833025, 929668, 826249]"
1807,"[981760, 6533889, 1005186, 1136257, 962568]"
1808,"[981760, 1005186, 844165, 911878, 826249]"
1809,"[981760, 1005186, 844165, 911878, 962568]"
1810,"[981760, 6533889, 1005186, 911878, 826249]"
1811,"[981760, 6533889, 1005186, 844165, 6533765]"
1812,"[981760, 6533889, 1005186, 6533765, 844165]"
1814,"[981760, 6533889, 1005186, 844165, 826249]"
1815,[6534178]
1816,[6534178]
1817,"[981760, 1005186, 844165, 907014, 911878]"
1818,"[981760, 1005186, 844165, 907014, 826249]"
1819,"[981760, 6533889, 1005186, 826249, 862349]"
1820,"[1082185, 1029743, 923746]"
1821,"[981760, 6533889, 1005186, 833025, 929668]"
1823,"[6534178, 1082185, 916122, 860776, 961554]"
1824,"[981760, 1005186, 911878, 962568, 826249]"
1826,"[981760, 844165, 826249, 989075, 844179]"
1827,"[981760, 1005186, 844165, 826249, 862349]"
1829,"[995242, 1082185, 1029743]"
1831,[1082185]
1832,"[981760, 1005186, 844165, 911878, 826249]"
1833,[1106523]
1834,[1029743]
1835,"[981760, 6533889, 1005186, 5668996, 909714]"
1837,"[981760, 6533889, 1005186, 911878, 826249]"
1839,"[981760, 844165, 826249, 844179, 841365]"
1841,"[981760, 1005186, 911878, 962568, 826249]"
1842,"[981760, 1005186, 844165, 911878, 826249]"
1843,"[981760, 1005186, 844165, 911878, 826249]"
1845,"[1082185, 883404, 1127831, 923746, 961554]"
1846,"[981760, 1005186, 844165, 911878, 826249]"
1847,"[1082185, 862349, 1070820]"
1848,"[6534178, 1082185, 854852]"
1849,"[981760, 1005186, 844165, 907014, 826249]"
1850,"[6534178, 1082185, 840361, 860776, 862349]"
1851,"[981760, 1005186, 844165, 911878, 826249]"
1852,"[981760, 6533889, 1005186, 933637, 911878]"
1854,"[981760, 6533889, 1005186, 911878, 962568]"
1856,"[981760, 6533889, 929668, 911878, 962568]"
1857,"[981760, 6533889, 833025, 844165, 965766]"
1858,[1082185]
1859,"[981760, 1005186, 844165, 911878, 826249]"
1861,[1029743]
1862,"[981760, 6533889, 1005186, 911878, 962568]"
1864,"[6534178, 995242, 1082185, 923746, 961554]"
1865,"[1082185, 1070820]"
1866,"[981760, 1005186, 844165, 911878, 826249]"
1867,"[981760, 6533889, 1005186, 844165, 826249]"
1868,"[981760, 6533889, 1005186, 844165, 6533765]"
1869,"[981760, 6533889, 1005186, 962568, 826249]"
1870,"[981760, 1005186, 844165, 911878, 826249]"
1871,"[981760, 1005186, 844165, 911878, 826249]"
1872,"[981760, 6533889, 1005186, 911878, 962568]"
1873,"[6534178, 1082185, 1106523]"
1874,"[981760, 6533889, 1005186, 844165, 826249]"
1875,"[981760, 6533889, 911878, 826249, 961554]"
1877,"[981760, 844165, 965766, 826249, 961554]"
1879,"[981760, 951590, 1082185, 1133018, 866227]"
1880,"[981760, 1005186, 844165, 826249, 844179]"
1881,"[981760, 6533889, 1005186, 911878, 962568]"
1883,"[981760, 6533889, 833025, 844165, 965766]"
1884,"[981760, 6533889, 1005186, 844165, 6533765]"
1885,"[981760, 6533889, 1005186, 6533765, 844165]"
1886,"[981760, 1005186, 844165, 911878, 826249]"
1887,"[981760, 1005186, 911878, 962568, 826249]"
1889,"[981760, 6533889, 1005186, 826249, 862349]"
1890,"[981760, 1005186, 911878, 826249, 862349]"
1891,"[981760, 1005186, 844165, 911878, 826249]"
1892,"[1133018, 1044078]"
1893,"[981760, 6533889, 1005186, 6533765, 844165]"
1894,"[981760, 6533889, 929668, 907014, 965766]"
1895,"[981760, 1005186, 844165, 911878, 826249]"
1896,[1082185]
1899,"[1082185, 1029743, 866211, 1070820]"
1900,"[981760, 1005186, 962568, 826249, 862349]"
1901,"[981760, 995242, 1082185, 1029743, 1005186]"
1902,"[981760, 1005186, 844165, 911878, 826249]"
1904,"[981760, 6533889, 1005186, 844165, 826249]"
1905,"[981760, 6533889, 1005186, 911878, 826249]"
1906,"[981760, 6533889, 1005186, 911878, 962568]"
1907,"[981760, 6534178, 995242, 1029743, 916122]"
1909,"[981760, 1005186, 844165, 826249, 900491]"
1911,[6534178]
1912,"[981760, 844165, 826249, 1038217, 1037840]"
1914,[862349]
1916,"[981760, 6533889, 1005186, 907014, 826249]"
1917,"[1082185, 1133018, 1106523, 1029743, 923746]"
1918,"[981760, 6533889, 1005186, 826249, 862349]"
1919,"[981760, 6533889, 844165, 826249, 1038217]"
1920,[1082185]
1921,[995242]
1922,"[981760, 6533889, 1005186, 911878, 962568]"
1923,[961554]
1924,"[981760, 6533889, 833025, 844165, 822407]"
1925,"[981760, 6533889, 1005186, 911878, 826249]"
1926,"[981760, 6533889, 911878, 962568, 826249]"
1927,"[981760, 1029743]"
1928,"[908531, 862349]"
1929,"[981760, 951590, 1082185, 1106523, 860776]"
1930,"[981760, 1005186, 929668, 844165, 965766]"
1931,"[981760, 1082185, 1133018, 840361, 849843]"
1932,"[981760, 6533889, 1005186, 844165, 965766]"
1933,"[981760, 6533889, 1005186, 6533765, 907014]"
1935,"[6533889, 916122]"
1936,"[981760, 6533889, 1005186, 1053690, 929668]"
1937,"[1082185, 1028816]"
1938,"[981760, 1005186, 844165, 911878, 826249]"
1939,"[6534178, 995242, 883404]"
1940,"[981760, 1005186, 911878, 962568, 862349]"
1941,"[981760, 6533889, 844165, 826249, 882441]"
1942,"[981760, 6533889, 1005186, 844165, 911878]"
1943,"[981760, 6533889, 1053690, 844165, 822407]"
1944,"[6534178, 1082185, 1106523, 1029743, 995785]"
1945,"[981760, 1005186, 844165, 826249, 862349]"
1946,"[1082185, 923746]"
1947,"[981760, 6533889, 1005186, 1053690, 929668]"
1948,"[981760, 1005186, 911878, 962568, 826249]"
1949,"[981760, 1005186, 844165, 907014, 1043590]"
1950,"[981760, 1005186, 844165, 826249, 862349]"
1951,"[981760, 1005186, 844165, 911878, 826249]"
1952,"[981760, 6533889, 1005186, 844165, 6533765]"
1953,"[981760, 1005186, 911878, 962568, 826249]"
1954,"[981760, 6533889, 1005186, 1041157, 911878]"
1955,"[1082185, 1106523, 989101]"
1956,"[981760, 1005186, 844165, 826249, 862349]"
1957,"[981760, 1005186, 844165, 826249, 862349]"
1958,"[981760, 1005186, 844165, 911878, 826249]"
1959,"[833025, 6533889, 826249, 965772, 8090509]"
1960,"[981760, 6533889, 833025, 844165, 911878]"
1961,"[981760, 1005186, 844165, 826249, 1038217]"
1962,"[981760, 6533889, 1005186, 911878, 965766]"
1963,"[981760, 6533889, 1005186, 826249, 862349]"
1964,"[981760, 1005186, 911878, 962568, 826249]"
1965,[1082185]
1966,"[981760, 6533889, 1005186, 911878, 962568]"
1967,"[981760, 6533889, 1005186, 826249, 862349]"
1968,"[981760, 1005186, 911878, 826249, 862349]"
1969,"[981760, 833025, 844165, 826249, 1038217]"
1970,"[981760, 6533889, 1005186, 844165, 6533765]"
1971,"[981760, 6533889, 1005186, 929668, 965766]"
1972,"[981760, 6533889, 1005186, 907014, 826249]"
1975,"[6534178, 951590, 995242, 1082185, 1029743]"
1976,[1106523]
1977,"[981760, 6533889, 1005186, 929668, 911878]"
1979,"[995242, 1082185]"
1980,[6534178]
1981,"[981760, 1005186, 911878, 826249, 862349]"
1982,"[6533889, 1082185]"
1983,"[981760, 6533889, 1005186, 844165, 965766]"
1985,"[1082185, 1106523, 840361, 961554]"
1986,"[981760, 1005186, 844165, 826249, 862349]"
1987,"[981760, 1005186, 844165, 911878, 826249]"
1988,"[981760, 6533889, 907014, 1118598, 1088393]"
1989,"[6534178, 1082185, 866227]"
1990,[1082185]
1993,"[981760, 6533889, 1005186, 844165, 965766]"
1994,"[981760, 1005186, 844165, 826249, 862349]"
1995,"[6534178, 995242, 1082185, 916122, 840361]"
1996,"[981760, 1005186, 911878, 826249, 862349]"
1997,"[981760, 6533889, 1005186, 911878, 962568]"
1998,"[981760, 844165, 882441, 1012873, 900491]"
1999,"[981760, 1005186, 844165, 907014, 911878]"
2000,"[981760, 1005186, 844165, 826249, 862349]"
2001,"[981760, 6533889, 1005186, 962568, 826249]"
2002,"[1082185, 1133018, 1106523]"
2003,"[981760, 1005186, 826249, 862349, 914190]"
2004,"[826249, 951590, 995242, 1029743, 849843]"
2005,"[981760, 6533889, 1005186, 844165, 6533765]"
2006,"[1082185, 860776, 916993]"
2007,"[981760, 6534178, 1082185, 883404, 1106523]"
2008,"[981760, 1005186, 844165, 826249, 862349]"
2010,"[981760, 1005186, 844165, 826249, 879755]"
2011,[961554]
2012,"[1133018, 1106523, 1044078, 1029743, 908531]"
2014,"[981760, 1005186, 844165, 907014, 826249]"
2015,"[981760, 965766, 911878, 962568, 826249]"
2016,"[981760, 844165, 907014, 866950, 826249]"
2017,"[6534178, 1082185, 840361, 1070820, 1126899]"
2018,"[1082185, 1106523]"
2019,"[833025, 1034499, 1038217, 826249, 1037840]"
2020,"[1082185, 1029743]"
2021,"[981760, 1005186, 844165, 907014, 965766]"
2022,"[981760, 6533889, 1005186, 911878, 962568]"
2023,"[981760, 6533889, 1005186, 844165, 826249]"
2024,"[6534178, 1058997, 1126899]"
2025,"[981760, 6533889, 1005186, 844165, 826249]"
2026,"[981760, 1005186, 844165, 907014, 826249]"
2027,"[981760, 1005186, 844165, 907014, 1043590]"
2028,"[981760, 1005186, 844165, 965766, 826249]"
2029,"[981760, 1005186, 844165, 911878, 907014]"
2030,"[981760, 6533889, 1005186, 911878, 962568]"
2031,"[981760, 1005186, 844165, 826249, 862349]"
2032,"[981760, 6533889, 1005186, 844165, 826249]"
2033,"[981760, 6533889, 1005186, 826249, 862349]"
2034,"[981760, 6533889, 826249, 862349, 480014]"
2035,"[981760, 1005186, 844165, 907014, 1043590]"
2036,"[981760, 6533889, 1005186, 826249, 862349]"
2037,"[981760, 1005186, 911878, 826249, 862349]"
2038,"[981760, 6533889, 1005186, 844165, 826249]"
2039,"[981760, 6533889, 1005186, 844165, 826249]"
2040,"[981760, 6533889, 844165, 822407, 826249]"
2041,"[981760, 6533889, 1005186, 911878, 962568]"
2042,"[981760, 929668, 962568, 826249, 862349]"
2043,"[981760, 6533889, 1005186, 844165, 826249]"
2044,"[981760, 1005186, 844165, 911878, 826249]"
2047,"[981760, 6533889, 833025, 1136257, 911878]"
2048,"[981760, 6533889, 1005186, 844165, 826249]"
2049,"[981760, 1005186, 844165, 911878, 826249]"
2050,"[981760, 6533889, 833025, 844165, 826249]"
2053,"[981760, 6533889, 1005186, 844165, 826249]"
2055,"[981760, 6533889, 1005186, 911878, 826249]"
2056,"[981760, 1005186, 844165, 965766, 826249]"
2057,"[981760, 6533889, 1005186, 833025, 826249]"
2058,"[981760, 6533889, 911878, 962568, 862349]"
2059,"[981760, 844165, 911878, 962568, 826249]"
2060,"[981760, 6533889, 1005186, 844165, 826249]"
2061,"[981760, 1005186, 844165, 911878, 826249]"
2062,"[981760, 6533889, 1005186, 6533765, 907014]"
2063,"[981760, 1005186, 907014, 911878, 962568]"
2064,"[981760, 6533889, 1005186, 911878, 962568]"
2065,"[981760, 833025, 844165, 965766, 826249]"
2068,"[981760, 6533889, 1005186, 911878, 962568]"
2069,"[981760, 6533889, 1005186, 844165, 907014]"
2070,"[981760, 6533889, 1005186, 833025, 929668]"
2071,"[981760, 1005186, 844165, 907014, 1043590]"
2074,"[981760, 6533889, 1005186, 844165, 826249]"
2075,"[981760, 6533889, 833025, 844165, 826249]"
2076,"[981760, 6533889, 911878, 985999, 961554]"
2077,"[981760, 6533889, 1005186, 911878, 962568]"
2078,"[981760, 6533889, 1005186, 844165, 6533765]"
2079,"[981760, 6533889, 1005186, 911878, 907014]"
2080,"[981760, 6533889, 929668, 844165, 965766]"
2082,"[981760, 6533889, 1005186, 911878, 962568]"
2083,"[981760, 6533889, 1005186, 907014, 962568]"
2084,"[981760, 6533889, 1005186, 911878, 962568]"
2085,"[981760, 833025, 1136257, 929668, 965766]"
2086,"[981760, 6533889, 1005186, 911878, 962568]"
2087,"[981760, 1136257, 6533889, 1005186, 911878]"
2088,"[981760, 833025, 929668, 822407, 826249]"
2089,"[981760, 1005186, 844165, 911878, 826249]"
2090,"[981760, 6533889, 1005186, 844165, 6533765]"
2093,"[981760, 6533889, 1005186, 844165, 6533765]"
2094,"[981760, 911878, 962568, 826249, 1110793]"
2095,"[981760, 6533889, 1005186, 907014, 1118598]"
2097,"[981760, 833025, 6533889, 911878, 826249]"
2099,"[981760, 6533889, 1005186, 844165, 826249]"
2100,"[981760, 6533889, 1005186, 826249, 1038217]"
2101,"[981760, 1005186, 844165, 911878, 826249]"
2102,"[981760, 1005186, 911878, 826249, 862349]"
2107,"[981760, 1005186, 911878, 826249, 862349]"
2108,"[981760, 6533889, 1005186, 911878, 826249]"
2109,"[981760, 1005186, 844165, 907014, 1043590]"
2110,"[981760, 6533889, 1005186, 911878, 961554]"
2111,"[981760, 6533889, 1005186, 916993, 5584007]"
2112,"[981760, 6533889, 1005186, 911878, 962568]"
2113,"[981760, 6533889, 1005186, 844165, 826249]"
2114,"[981760, 6533889, 1005186, 911878, 962568]"
2115,"[981760, 1005186, 929668, 965766, 1042438]"
2116,"[981760, 1136257, 1005186, 911878, 962568]"
2117,"[981760, 1005186, 844165, 911878, 907014]"
2119,"[981760, 6533889, 833025, 844165, 826249]"
2120,"[981760, 844165, 820486, 826249, 862349]"
2121,"[981760, 6533889, 1005186, 911878, 962568]"
2122,"[981760, 6533889, 1005186, 6533765, 844165]"
2123,"[981760, 1005186, 844165, 911878, 965766]"
2124,"[981760, 6533889, 1136257, 1022981, 911878]"
2125,"[981760, 6533889, 833025, 911878, 826249]"
2126,"[981760, 6533889, 1005186, 911878, 962568]"
2127,"[981760, 6533889, 1005186, 844165, 6533765]"
2129,"[833025, 1136257, 929668, 826249, 1038217]"
2130,"[981760, 6533889, 1005186, 911878, 962568]"
2131,"[981760, 1005186, 911878, 907014, 962568]"
2132,"[981760, 1005186, 844165, 911878, 826249]"
2133,"[981760, 6533889, 1005186, 911878, 962568]"
2134,"[981760, 933637, 911878, 962568, 961554]"
2136,"[981760, 1005186, 844165, 911878, 826249]"
2137,"[981760, 6533889, 1005186, 6533765, 1041157]"
2138,"[981760, 844165, 826249, 1038217, 844179]"
2139,"[981760, 6533889, 1005186, 953476, 844165]"
2140,"[981760, 6533889, 1005186, 911878, 826249]"
2141,"[981760, 929668, 844165, 822407, 826249]"
2142,"[929668, 844165, 965766, 822407, 845193]"
2144,"[981760, 6533889, 1005186, 844165, 826249]"
2145,"[981760, 6533889, 1005186, 826249, 862349]"
2146,"[981760, 1005186, 844165, 826249, 862349]"
2147,"[981760, 6533889, 911878, 962568, 961554]"
2148,"[981760, 6533889, 1005186, 844165, 965766]"
2149,"[981760, 6533889, 1005186, 844165, 911878]"
2153,"[981760, 1005186, 844165, 826249, 862349]"
2154,"[981760, 6533889, 1005186, 907014, 826249]"
2156,"[981760, 6533889, 1005186, 953476, 965766]"
2158,"[981760, 6533889, 1005186, 826249, 862349]"
2159,"[981760, 6533889, 1005186, 6533765, 844165]"
2160,"[981760, 1005186, 844165, 911878, 826249]"
2161,"[981760, 6533889, 1005186, 844165, 826249]"
2162,"[981760, 6533889, 1005186, 953476, 861445]"
2165,"[981760, 1005186, 844165, 911878, 826249]"
2168,"[981760, 907014, 965766, 826249, 1038217]"
2170,"[929668, 844165, 965766, 822407, 826249]"
2171,"[981760, 6533889, 1005186, 826249, 862349]"
2172,"[981760, 1005186, 911878, 962568, 826249]"
2173,"[981760, 6533889, 1005186, 844165, 826249]"
2174,"[981760, 1005186, 844165, 911878, 826249]"
2175,"[981760, 1005186, 844165, 911878, 826249]"
2179,"[981760, 6533889, 1005186, 911878, 826249]"
2181,"[981760, 1005186, 911878, 962568, 826249]"
2182,"[981760, 1005186, 844165, 911878, 826249]"
2183,"[981760, 6533889, 1005186, 911878, 962568]"
2184,"[981760, 6533889, 1005186, 844165, 826249]"
2185,"[981760, 6533889, 929668, 965766, 826249]"
2186,"[981760, 1053690, 929668, 844165, 965766]"
2187,"[981760, 833025, 844165, 826249, 1038217]"
2188,"[981760, 6533889, 1005186, 965766, 826249]"
2189,"[981760, 6533889, 1005186, 844165, 6533765]"
2190,"[981760, 833025, 6533889, 1005186, 826249]"
2192,"[981760, 1005186, 844165, 911878, 826249]"
2193,"[981760, 6533889, 1005186, 911878, 962568]"
2194,"[981760, 6533889, 1005186, 929668, 962568]"
2195,"[981760, 6533889, 1005186, 826249, 862349]"
2196,"[981760, 6533889, 1005186, 911878, 826249]"
2197,"[981760, 1005186, 844165, 911878, 826249]"
2198,"[981760, 6533889, 1005186, 953476, 861445]"
2199,"[981760, 6533889, 1005186, 1136257, 929668]"
2200,"[981760, 6533889, 929668, 965766, 822407]"
2203,"[981760, 6533889, 1005186, 911878, 826249]"
2204,"[981760, 6533889, 6533765, 1043590, 907014]"
2206,"[981760, 1005186, 844165, 826249, 862349]"
2207,"[981760, 1005186, 6533765, 907014, 969866]"
2208,"[981760, 833025, 6533889, 929668, 965766]"
2209,"[981760, 6533889, 1005186, 929668, 826249]"
2210,"[981760, 1053690, 844165, 965766, 907014]"
2211,"[981760, 6533889, 1005186, 911878, 826249]"
2213,"[981760, 6533889, 929668, 8011397, 911878]"
2214,"[981760, 1005186, 844165, 911878, 826249]"
2215,"[981760, 1005186, 911878, 826249, 862349]"
2216,"[981760, 1005186, 844165, 911878, 826249]"
2217,"[981760, 6533889, 1005186, 911878, 962568]"
2218,"[981760, 1005186, 844165, 911878, 826249]"
2220,"[981760, 6533889, 1005186, 844165, 6533765]"
2221,"[981760, 1005186, 844165, 911878, 826249]"
2222,"[981760, 6533889, 1005186, 844165, 965766]"
2223,"[981760, 1005186, 953476, 844165, 826249]"
2224,"[981760, 1005186, 962568, 826249, 862349]"
2225,"[981760, 6533889, 1005186, 911878, 962568]"
2226,"[981760, 1005186, 826249, 862349, 480014]"
2227,"[981760, 833025, 844165, 1038217, 826249]"
2229,"[981760, 1005186, 911878, 826249, 862349]"
2230,"[981760, 1005186, 844165, 911878, 826249]"
2231,"[981760, 6533889, 1005186, 911878, 962568]"
2232,"[981760, 6533889, 1005186, 844165, 826249]"
2233,"[981760, 6533889, 1005186, 962568, 862349]"
2234,"[981760, 6533889, 1005186, 911878, 962568]"
2235,"[981760, 6533889, 911878, 962568, 826249]"
2236,"[981760, 6533889, 1005186, 929668, 844165]"
2237,"[981760, 6533889, 1005186, 911878, 962568]"
2238,"[981760, 1005186, 953476, 844165, 907014]"
2240,"[981760, 6533889, 1053690, 833025, 929668]"
2241,"[981760, 6533889, 929668, 826249, 1050131]"
2242,"[981760, 6533889, 1005186, 844165, 826249]"
2243,"[981760, 833025, 911878, 962568, 826249]"
2244,"[6533765, 1043590, 907014, 882441, 969866]"
2245,"[981760, 6533889, 1005186, 907014, 826249]"
2247,"[981760, 1005186, 844165, 907014, 965766]"
2248,"[981760, 1005186, 844165, 826249, 862349]"
2250,"[981760, 6533889, 1005186, 833025, 844165]"
2251,"[981760, 1005186, 844165, 911878, 826249]"
2252,"[981760, 833025, 6533889, 1034499, 962568]"
2255,"[981760, 6533889, 1005186, 907014, 826249]"
2256,"[981760, 6533889, 1005186, 844165, 826249]"
2257,"[981760, 1005186, 844165, 911878, 826249]"
2259,"[981760, 1005186, 844165, 911878, 826249]"
2260,"[981760, 6533889, 1005186, 9705473, 10285187]"
2261,"[833025, 929668, 844165, 965766, 822407]"
2262,"[981760, 6533889, 1005186, 826249, 862349]"
2263,"[981760, 6533889, 1005186, 907014, 826249]"
2264,"[981760, 1136257, 6533889, 911878, 962568]"
2266,"[981760, 6533889, 911878, 962568, 862349]"
2267,"[981760, 6533889, 1005186, 826249, 862349]"
2268,"[981760, 6533889, 1005186, 844165, 826249]"
2269,"[981760, 1005186, 844165, 965766, 907014]"
2270,"[981760, 6533889, 1005186, 6533765, 907014]"
2272,"[981760, 1005186, 844165, 911878, 826249]"
2273,"[981760, 1005186, 911878, 907014, 826249]"
2274,"[981760, 1005186, 911878, 826249, 1038217]"
2275,"[981760, 833025, 1005186, 844165, 826249]"
2276,"[981760, 1005186, 911878, 826249, 862349]"
2277,"[981760, 844165, 1038217, 882441, 826249]"
2278,"[1015296, 981760, 1033220, 1041157, 911878]"
2279,"[981760, 1005186, 844165, 826249, 862349]"
2280,"[981760, 833025, 929668, 965766, 826249]"
2281,"[981760, 911878, 962568, 826249, 862349]"
2282,"[981760, 1005186, 911878, 962568, 826249]"
2283,"[981760, 6533889, 1005186, 844165, 826249]"
2284,"[6533889, 929668, 911878, 962568, 914190]"
2285,"[981760, 6533889, 1005186, 826249, 862349]"
2286,"[981760, 6533889, 1005186, 911878, 826249]"
2287,"[981760, 1005186, 844165, 911878, 826249]"
2288,"[981760, 6533889, 1005186, 844165, 826249]"
2289,"[981760, 1005186, 844165, 965766, 826249]"
2290,"[981760, 6533889, 1005186, 844165, 826249]"
2291,"[981760, 1005186, 844165, 911878, 826249]"
2292,"[981760, 6533889, 1005186, 844165, 826249]"
2294,"[981760, 833025, 1136257, 1034499, 6533889]"
2295,"[981760, 833025, 1022981, 907014, 1043590]"
2296,"[833025, 1136257, 1053690, 929668, 1038217]"
2298,"[981760, 1005186, 844165, 907014, 965766]"
2299,"[981760, 1005186, 907014, 826249, 862349]"
2300,"[981760, 6533889, 1005186, 826249, 862349]"
2301,"[981760, 6533889, 1053690, 833025, 929668]"
2302,"[981760, 6533889, 1005186, 844165, 826249]"
2303,"[981760, 6533889, 1005186, 826249, 862349]"
2305,"[981760, 6533889, 1136257, 911878, 962568]"
2307,"[981760, 6533889, 1136257, 916993, 929668]"
2308,"[981760, 1005186, 844165, 911878, 826249]"
2309,"[981760, 1005186, 844165, 911878, 826249]"
2310,"[981760, 1005186, 844165, 907014, 1043590]"
2312,"[916993, 8011397, 970119, 962568, 862349]"
2313,"[981760, 6533889, 1005186, 6533765, 844165]"
2314,"[6533889, 8011397, 911878, 962568, 862349]"
2317,"[981760, 1136257, 929668, 911878, 962568]"
2319,"[981760, 1005186, 953476, 844165, 965766]"
2321,"[981760, 1005186, 844165, 911878, 826249]"
2322,"[911878, 962568, 985999, 961554, 909714]"
2323,"[981760, 6533889, 1005186, 844165, 6533765]"
2324,"[981760, 6533889, 1005186, 911878, 962568]"
2326,"[981760, 1005186, 844165, 907014, 965766]"
2328,"[981760, 6533889, 929668, 826249, 862732]"
2330,"[981760, 6533889, 1005186, 911878, 962568]"
2331,"[981760, 6533889, 833025, 1136257, 929668]"
2332,"[981760, 6533889, 1005186, 844165, 6533765]"
2333,"[981760, 1005186, 844165, 911878, 826249]"
2334,"[981760, 833025, 929668, 953476, 965766]"
2335,"[981760, 844165, 826249, 1038217, 844179]"
2336,"[981760, 833025, 844165, 826249, 1038217]"
2337,"[907014, 1043590, 965766, 1038217, 1119879]"
2338,"[981760, 6533889, 1005186, 911878, 962568]"
2339,"[981760, 1005186, 844165, 826249, 862349]"
2341,"[981760, 833025, 953476, 844165, 1038217]"
2342,"[981760, 6533889, 1005186, 962568, 826249]"
2343,"[981760, 6533889, 1005186, 929668, 826249]"
2344,"[981760, 6533889, 1005186, 844165, 826249]"
2345,"[981760, 6533889, 833025, 844165, 965766]"
2346,"[981760, 1005186, 844165, 911878, 826249]"
2347,"[981760, 6533889, 833025, 844165, 826249]"
2348,"[981760, 1005186, 844165, 826249, 862349]"
2349,"[981760, 6533889, 1005186, 826249, 862349]"
2350,"[981760, 6533889, 1005186, 844165, 965766]"
2351,"[981760, 1005186, 911878, 9553031, 962568]"
2352,"[981760, 1005186, 844165, 911878, 826249]"
2353,"[981760, 1005186, 844165, 911878, 826249]"
2354,"[981760, 6533889, 1005186, 962568, 826249]"
2355,"[981760, 1005186, 844165, 911878, 826249]"
2357,"[981760, 6533889, 1005186, 844165, 6533765]"
2358,"[981760, 1005186, 911878, 962568, 826249]"
2359,"[981760, 6533889, 844165, 6533765, 822407]"
2360,"[981760, 6533889, 1005186, 929668, 962568]"
2361,"[981760, 929668, 965766, 822407, 826249]"
2362,"[981760, 1005186, 844165, 826249, 862349]"
2363,"[981760, 1005186, 844165, 911878, 826249]"
2364,"[981760, 1005186, 844165, 911878, 826249]"
2366,"[981760, 6533889, 833025, 929668, 965766]"
2367,"[981760, 6533889, 844165, 882441, 826249]"
2368,"[981760, 1005186, 844165, 826249, 862349]"
2369,"[981760, 6533889, 1005186, 929668, 844165]"
2370,"[981760, 6533889, 1005186, 911878, 962568]"
2371,"[981760, 1005186, 911878, 826249, 961554]"
2372,"[981760, 6533889, 833025, 844165, 826249]"
2373,"[981760, 6533889, 929668, 826249, 862349]"
2374,"[981760, 6533889, 1005186, 911878, 907014]"
2375,"[981760, 1005186, 844165, 907014, 911878]"
2376,"[981760, 6533889, 1005186, 826249, 862349]"
2377,"[981760, 6533889, 1005186, 844165, 826249]"
2378,"[981760, 6533889, 1053690, 833025, 929668]"
2379,"[981760, 6533889, 1005186, 826249, 862349]"
2380,"[981760, 6533889, 1005186, 826249, 989075]"
2381,"[981760, 6533889, 1005186, 6533765, 907014]"
2383,"[981760, 1005186, 844165, 826249, 961554]"
2386,"[981760, 6533889, 1005186, 844165, 826249]"
2387,"[981760, 1005186, 844165, 911878, 826249]"
2389,"[981760, 6533889, 1005186, 6533765, 907014]"
2392,"[981760, 6533889, 1005186, 844165, 6533765]"
2393,"[981760, 1005186, 911878, 962568, 862349]"
2394,"[981760, 6533889, 1005186, 844165, 826249]"
2395,"[981760, 1005186, 1041157, 866950, 1119879]"
2396,"[981760, 1005186, 844165, 911878, 826249]"
2398,"[981760, 1005186, 844165, 911878, 826249]"
2399,"[981760, 1005186, 844165, 911878, 826249]"
2400,"[833025, 1043590, 822407, 965766, 1038217]"
2401,"[981760, 6533889, 1005186, 911878, 962568]"
2402,"[981760, 1005186, 844165, 826249, 1038217]"
2404,"[1095040, 5668996, 940947, 833556, 7440663]"
2405,"[981760, 6533889, 1005186, 907014, 826249]"
2406,"[981760, 6533889, 1005186, 929668, 962568]"
2407,"[981760, 833025, 1136257, 1034499, 929668]"
2408,"[981760, 1005186, 844165, 826249, 862349]"
2410,"[981760, 6533889, 833025, 844165, 826249]"
2412,"[929668, 965766, 822407, 826249, 9526410]"
2415,"[981760, 1005186, 953476, 844165, 907014]"
2416,"[981760, 6533889, 1005186, 929668, 962568]"
2418,"[981760, 1005186, 844165, 965766, 826249]"
2419,"[981760, 6533889, 1005186, 844165, 826249]"
2420,"[981760, 6533889, 1005186, 6533765, 907014]"
2421,"[981760, 1136257, 1005186, 929668, 862349]"
2423,"[981760, 6533889, 929668, 844165, 965766]"
2424,"[981760, 1005186, 911878, 962568, 826249]"
2425,"[981760, 6533889, 1005186, 911878, 962568]"
2426,"[981760, 6533889, 1005186, 844165, 965766]"
2427,"[981760, 6533889, 1005186, 929668, 962568]"
2430,"[981760, 6533889, 1005186, 844165, 826249]"
2431,"[981760, 1005186, 844165, 907014, 1043590]"
2432,"[981760, 6533889, 833025, 844165, 822407]"
2435,"[981760, 6533889, 833025, 826249, 882441]"
2437,"[981760, 1005186, 1053690, 929668, 826249]"
2438,"[981760, 6533889, 929668, 8011397, 1043973]"
2440,"[981760, 1005186, 844165, 907014, 1043590]"
2441,"[981760, 1005186, 844165, 911878, 826249]"
2442,"[981760, 1005186, 844165, 911878, 826249]"
2445,"[981760, 6533889, 833025, 953476, 844165]"
2446,"[6533889, 1033220, 911878, 962568, 1042697]"
2447,"[981760, 916993, 1005186, 8011397, 911878]"
2448,"[981760, 6533889, 8065410, 911878, 907014]"
2449,"[981760, 6533889, 5668996, 929668, 914190]"
2450,"[981760, 6533889, 1005186, 962568, 826249]"
2451,"[981760, 6533889, 1005186, 911878, 962568]"
2452,"[981760, 6533889, 844165, 6533765, 1118598]"
2453,"[981760, 1005186, 911878, 962568, 826249]"
2454,"[981760, 1005186, 844165, 911878, 826249]"
2455,"[981760, 6533889, 833025, 929668, 844165]"
2456,"[981760, 1005186, 911878, 826249, 862349]"
2457,"[981760, 6533889, 1005186, 911878, 826249]"
2458,"[981760, 1005186, 844165, 911878, 826249]"
2459,"[1136257, 833025, 1038217, 961554, 878996]"
2460,"[981760, 1005186, 844165, 911878, 826249]"
2461,"[981760, 1005186, 911878, 826249, 862349]"
2462,"[981760, 916993, 962568, 862349, 985999]"
2464,"[981760, 6533889, 929668, 8011397, 911878]"
2465,"[981760, 6533889, 1005186, 826249, 961554]"
2466,"[981760, 1005186, 844165, 907014, 1118598]"
2467,"[1136257, 1005186, 953476, 861445, 929668]"
2468,"[981760, 1005186, 929668, 844165, 965766]"
2469,"[981760, 1005186, 844165, 911878, 826249]"
2470,"[981760, 6533889, 1005186, 826249, 1056651]"
2471,"[981760, 6533889, 1005186, 844165, 826249]"
2472,"[981760, 1005186, 844165, 911878, 826249]"
2474,"[981760, 1005186, 844165, 911878, 826249]"
2475,"[981760, 6533889, 1005186, 1136257, 929668]"
2478,"[981760, 1005186, 953476, 826249, 914190]"
2479,"[1136257, 1053690, 833025, 929668, 826249]"
2481,"[981760, 6533889, 1005186, 833025, 929668]"
2482,"[981760, 833025, 844165, 826249, 1038217]"
2483,"[981760, 1005186, 844165, 911878, 826249]"
2484,"[981760, 6533889, 833025, 911878, 1043590]"
2485,"[981760, 6533889, 1005186, 844165, 826249]"
2486,"[981760, 6533889, 929668, 844165, 965766]"
2487,"[981760, 6533889, 1005186, 826249, 862349]"
2488,"[981760, 6533889, 1005186, 911878, 962568]"
2489,"[981760, 1136257, 1005186, 6533889, 929668]"
2490,"[981760, 1005186, 844165, 911878, 907014]"
2492,"[981760, 6533889, 1005186, 844165, 822407]"
2494,"[981760, 6533889, 1005186, 826249, 862349]"
2495,"[981760, 1005186, 844165, 911878, 826249]"
2496,"[981760, 6533889, 833025, 965766, 826249]"
2497,"[981760, 833025, 911878, 962568, 826249]"
2498,"[981760, 6533889, 929668, 907014, 826249]"
2499,"[981760, 6533889, 833025, 844165, 965766]"
2500,"[981760, 6533889, 1136257, 833025, 929668]"
